REGION,CIRCUNSCRIPCION ELECTORAL,LOCAL,MESA,EDUARDO ARTES,FRANCO ALDO PARISI,GABRIEL BORIC,JOSE ANTONIO KAST,MARCO ENRIQUEZ-OMINAMI,SEBASTIAN SICHEL,VOTOS EN BLANCO,VOTOS NULOS,YASNA PROVOSTE,NULO BLANCO,18-19 H,18-19 M,20-29 H,20-29 M,30-39 H,30-39 M,40-49 H,40-49 M,50-59 H,50-59 M,60-69 H,60-69 M,70-79 H,70-79 M,80+ H,80+ M,NUM VOTOS,NUM MESAS,P-VALOR,LOG P-VALOR,E_EDUARDO ARTES,E_FRANCO ALDO PARISI,E_GABRIEL BORIC,E_JOSE ANTONIO KAST,E_MARCO ENRIQUEZ-OMINAMI,E_NULO BLANCO,E_SEBASTIAN SICHEL,E_YASNA PROVOSTE
DE MAGALLANES Y DE LA ANTARTICA CHILENA,ANTARTICA,ESCUELA BASICA VILLA LAS ESTRELLAS,1M-2V-3V,0,4,4,34,2,2,0,0,1,0,0,0,5,0,19,1,15,1,6,0,0,0,1,0,0,0,47,1,-1,-1,-1,-1,-1,-1,-1,-1,-1,-1
DE MAGALLANES Y DE LA ANTARTICA CHILENA,CABO DE HORNOS (NAVARINO),LICEO DONALD MC-INTYRE GRIFFITHS,10V-11V,4,16,29,59,6,10,1,1,9,2,2,2,7,8,27,10,30,7,16,4,14,2,6,0,0,0,135,6,-1,-1,-1,-1,-1,-1,-1,-1,-1,-1
DE MAGALLANES Y DE LA ANTARTICA CHILENA,CABO DE HORNOS (NAVARINO),LICEO DONALD MC-INTYRE GRIFFITHS,1M-3M,0,15,38,47,5,15,2,1,9,3,0,0,10,10,27,12,15,10,7,14,4,15,0,5,0,3,132,6,-1,-1,-1,-1,-1,-1,-1,-1,-1,-1
DE MAGALLANES Y DE LA ANTARTICA CHILENA,CABO DE HORNOS (NAVARINO),LICEO DONALD MC-INTYRE GRIFFITHS,4M-5M-1V,0,12,35,63,2,9,1,1,18,2,1,1,11,13,16,17,10,24,5,14,11,9,6,1,2,0,141,6,-1,-1,-1,-1,-1,-1,-1,-1,-1,-1
DE MAGALLANES Y DE LA ANTARTICA CHILENA,CABO DE HORNOS (NAVARINO),LICEO DONALD MC-INTYRE GRIFFITHS,5V-6V-7V,0,10,26,86,7,6,1,2,14,3,1,2,11,6,35,22,30,13,15,4,8,2,2,1,0,0,152,6,-1,-1,-1,-1,-1,-1,-1,-1,-1,-1
DE MAGALLANES Y DE LA ANTARTICA CHILENA,CABO DE HORNOS (NAVARINO),LICEO DONALD MC-INTYRE GRIFFITHS,6M-3V,5,17,31,72,4,13,0,0,15,0,1,0,15,11,16,38,15,18,7,20,2,10,2,2,0,0,157,6,-1,-1,-1,-1,-1,-1,-1,-1,-1,-1
DE MAGALLANES Y DE LA ANTARTICA CHILENA,CABO DE HORNOS (NAVARINO),LICEO DONALD MC-INTYRE GRIFFITHS,8V-9V,1,12,30,94,4,10,0,1,9,1,2,1,17,15,32,27,25,12,16,6,6,2,0,0,0,1,161,6,-1,-1,-1,-1,-1,-1,-1,-1,-1,-1
DE MAGALLANES Y DE LA ANTARTICA CHILENA,LAGUNA BLANCA,ESCUELA DIEGO PORTALES,1M-2M-4V,0,15,27,41,10,11,0,1,17,1,0,0,1,2,13,17,10,19,3,25,3,18,2,6,0,3,122,3,-1,-1,-1,-1,-1,-1,-1,-1,-1,-1
DE MAGALLANES Y DE LA ANTARTICA CHILENA,LAGUNA BLANCA,ESCUELA DIEGO PORTALES,1V-2V-3V,3,6,22,45,12,9,0,0,13,0,1,0,3,7,9,3,14,2,26,4,21,2,9,1,7,1,110,3,-1,-1,-1,-1,-1,-1,-1,-1,-1,-1
DE MAGALLANES Y DE LA ANTARTICA CHILENA,LAGUNA BLANCA,ESCUELA DIEGO PORTALES,5-6,0,4,8,48,4,4,2,1,3,3,1,0,4,6,10,10,8,4,11,5,7,3,2,3,0,0,74,3,-1,-1,-1,-1,-1,-1,-1,-1,-1,-1
DE MAGALLANES Y DE LA ANTARTICA CHILENA,NATALES,ESCUELA BAUDILIA AVENDANO DE YOUSSUF,19V,0,17,49,27,14,6,2,1,18,3,0,1,0,50,3,8,3,6,22,2,18,3,15,1,2,0,134,68,-1,-1,-1,-1,-1,-1,-1,-1,-1,-1
DE MAGALLANES Y DE LA ANTARTICA CHILENA,NATALES,ESCUELA BAUDILIA AVENDANO DE YOUSSUF,20V,1,13,38,38,8,10,1,5,21,6,0,1,6,55,4,9,5,6,22,0,14,3,7,0,3,0,135,68,-1,-1,-1,-1,-1,-1,-1,-1,-1,-1
DE MAGALLANES Y DE LA ANTARTICA CHILENA,NATALES,ESCUELA BAUDILIA AVENDANO DE YOUSSUF,21V,1,6,37,20,6,8,1,1,19,2,1,2,2,3,5,10,5,7,25,6,20,4,8,0,1,0,99,68,-1,-1,-1,-1,-1,-1,-1,-1,-1,-1
DE MAGALLANES Y DE LA ANTARTICA CHILENA,NATALES,ESCUELA BAUDILIA AVENDANO DE YOUSSUF,22V,1,5,30,21,6,9,1,1,9,2,1,2,2,11,11,16,12,5,17,0,3,1,1,0,1,0,83,68,-1,-1,-1,-1,-1,-1,-1,-1,-1,-1
DE MAGALLANES Y DE LA ANTARTICA CHILENA,NATALES,ESCUELA BAUDILIA AVENDANO DE YOUSSUF,23V,1,14,49,47,7,8,1,1,22,2,0,1,5,3,20,17,50,14,20,8,3,5,2,0,1,0,150,68,-1,-1,-1,-1,-1,-1,-1,-1,-1,-1
DE MAGALLANES Y DE LA ANTARTICA CHILENA,NATALES,ESCUELA BAUDILIA AVENDANO DE YOUSSUF,24V,0,18,49,37,10,9,2,3,14,5,7,4,18,14,19,18,16,16,11,4,8,1,2,3,0,1,142,68,-1,-1,-1,-1,-1,-1,-1,-1,-1,-1
DE MAGALLANES Y DE LA ANTARTICA CHILENA,NATALES,ESCUELA BAUDILIA AVENDANO DE YOUSSUF,25V,3,17,44,32,13,4,0,1,29,1,3,3,12,12,16,8,32,6,26,2,15,1,5,0,1,0,143,68,-1,-1,-1,-1,-1,-1,-1,-1,-1,-1
DE MAGALLANES Y DE LA ANTARTICA CHILENA,NATALES,ESCUELA BAUDILIA AVENDANO DE YOUSSUF,26V,2,18,43,27,12,11,1,2,11,3,4,3,14,20,10,16,27,4,5,4,10,5,3,1,1,0,127,68,-1,-1,-1,-1,-1,-1,-1,-1,-1,-1
DE MAGALLANES Y DE LA ANTARTICA CHILENA,NATALES,ESCUELA BAUDILIA AVENDANO DE YOUSSUF,27V,3,29,61,30,11,14,3,1,17,4,1,5,19,20,14,18,39,10,16,3,13,3,3,2,2,0,169,68,-1,-1,-1,-1,-1,-1,-1,-1,-1,-1
DE MAGALLANES Y DE LA ANTARTICA CHILENA,NATALES,ESCUELA BAUDILIA AVENDANO DE YOUSSUF,28V,0,16,40,34,4,5,1,0,6,1,0,4,12,15,7,14,25,5,7,6,5,3,1,1,1,0,106,68,-1,-1,-1,-1,-1,-1,-1,-1,-1,-1
DE MAGALLANES Y DE LA ANTARTICA CHILENA,NATALES,ESCUELA BAUDILIA AVENDANO DE YOUSSUF,29V,1,17,45,28,11,10,2,0,20,2,2,2,8,11,13,8,47,16,12,4,5,3,2,0,1,0,134,68,-1,-1,-1,-1,-1,-1,-1,-1,-1,-1
DE MAGALLANES Y DE LA ANTARTICA CHILENA,NATALES,ESCUELA BAUDILIA AVENDANO DE YOUSSUF,30V,2,19,38,24,7,5,1,0,15,1,2,3,17,17,11,13,16,6,10,3,7,4,0,0,1,0,111,68,-1,-1,-1,-1,-1,-1,-1,-1,-1,-1
DE MAGALLANES Y DE LA ANTARTICA CHILENA,NATALES,ESCUELA BERNARDO O'HIGGINS,10M,0,10,32,22,13,3,0,1,27,1,1,1,0,4,3,4,7,1,7,23,2,33,0,15,0,7,108,68,-1,-1,-1,-1,-1,-1,-1,-1,-1,-1
DE MAGALLANES Y DE LA ANTARTICA CHILENA,NATALES,ESCUELA BERNARDO O'HIGGINS,11M,2,9,27,28,10,13,0,0,20,0,2,0,2,3,2,9,14,1,6,26,1,25,0,16,0,2,109,68,-1,-1,-1,-1,-1,-1,-1,-1,-1,-1
DE MAGALLANES Y DE LA ANTARTICA CHILENA,NATALES,ESCUELA BERNARDO O'HIGGINS,1M,1,6,25,27,9,9,1,5,17,6,1,0,6,2,4,3,2,2,1,23,0,22,0,25,0,9,100,68,-1,-1,-1,-1,-1,-1,-1,-1,-1,-1
DE MAGALLANES Y DE LA ANTARTICA CHILENA,NATALES,ESCUELA BERNARDO O'HIGGINS,2M,1,7,32,26,11,13,0,0,15,0,2,1,4,11,7,5,2,2,0,12,3,21,1,22,2,10,105,68,-1,-1,-1,-1,-1,-1,-1,-1,-1,-1
DE MAGALLANES Y DE LA ANTARTICA CHILENA,NATALES,ESCUELA BERNARDO O'HIGGINS,3M,1,11,30,25,9,11,0,3,15,3,1,0,6,6,6,2,1,1,2,18,0,31,3,16,0,11,105,68,-1,-1,-1,-1,-1,-1,-1,-1,-1,-1
DE MAGALLANES Y DE LA ANTARTICA CHILENA,NATALES,ESCUELA BERNARDO O'HIGGINS,4M,1,13,23,28,14,9,1,1,13,2,0,0,4,6,4,8,0,0,0,20,2,28,4,19,0,8,103,68,-1,-1,-1,-1,-1,-1,-1,-1,-1,-1
DE MAGALLANES Y DE LA ANTARTICA CHILENA,NATALES,ESCUELA BERNARDO O'HIGGINS,5M,1,5,34,30,14,7,1,0,21,1,0,2,8,11,0,3,1,3,1,18,4,24,3,25,1,9,113,68,-1,-1,-1,-1,-1,-1,-1,-1,-1,-1
DE MAGALLANES Y DE LA ANTARTICA CHILENA,NATALES,ESCUELA BERNARDO O'HIGGINS,6M,1,9,28,24,9,8,0,0,18,0,0,1,1,1,4,3,3,3,1,24,5,26,0,20,0,5,97,68,-1,-1,-1,-1,-1,-1,-1,-1,-1,-1
DE MAGALLANES Y DE LA ANTARTICA CHILENA,NATALES,ESCUELA BERNARDO O'HIGGINS,7M,1,7,29,28,8,10,1,1,17,2,2,3,3,5,2,6,4,2,5,22,4,25,1,13,0,5,102,68,-1,-1,-1,-1,-1,-1,-1,-1,-1,-1
DE MAGALLANES Y DE LA ANTARTICA CHILENA,NATALES,ESCUELA BERNARDO O'HIGGINS,8M,2,13,31,16,10,7,1,2,24,3,0,1,3,5,4,1,2,1,2,25,5,26,0,21,0,10,106,68,-1,-1,-1,-1,-1,-1,-1,-1,-1,-1
DE MAGALLANES Y DE LA ANTARTICA CHILENA,NATALES,ESCUELA BERNARDO O'HIGGINS,9M,1,13,25,29,11,9,1,1,13,2,3,3,4,3,4,3,0,0,5,28,2,27,0,14,0,7,103,68,-1,-1,-1,-1,-1,-1,-1,-1,-1,-1
DE MAGALLANES Y DE LA ANTARTICA CHILENA,NATALES,ESCUELA CAPITAN JUAN LADRILLERO,31V,1,14,36,25,7,9,3,3,12,6,2,3,10,13,9,14,19,6,18,3,8,3,3,0,0,0,110,68,-1,-1,-1,-1,-1,-1,-1,-1,-1,-1
DE MAGALLANES Y DE LA ANTARTICA CHILENA,NATALES,ESCUELA CAPITAN JUAN LADRILLERO,32V,5,15,31,32,8,6,0,3,12,3,4,1,17,22,10,12,23,5,11,1,3,2,0,0,0,1,112,68,-1,-1,-1,-1,-1,-1,-1,-1,-1,-1
DE MAGALLANES Y DE LA ANTARTICA CHILENA,NATALES,ESCUELA CAPITAN JUAN LADRILLERO,33V,1,18,46,32,8,4,2,2,11,4,3,4,15,16,14,13,21,6,10,5,11,4,0,0,1,0,124,68,-1,-1,-1,-1,-1,-1,-1,-1,-1,-1
DE MAGALLANES Y DE LA ANTARTICA CHILENA,NATALES,ESCUELA CAPITAN JUAN LADRILLERO,34V,2,9,29,30,7,10,1,0,5,1,2,4,7,16,15,15,14,3,5,4,5,2,1,0,0,0,93,68,-1,-1,-1,-1,-1,-1,-1,-1,-1,-1
DE MAGALLANES Y DE LA ANTARTICA CHILENA,NATALES,ESCUELA CAPITAN JUAN LADRILLERO,35V,1,17,55,47,11,5,2,1,20,3,2,2,12,14,32,8,45,4,23,3,7,2,4,0,1,0,159,68,-1,-1,-1,-1,-1,-1,-1,-1,-1,-1
DE MAGALLANES Y DE LA ANTARTICA CHILENA,NATALES,ESCUELA CAPITAN JUAN LADRILLERO,36V,2,19,47,41,15,17,2,2,15,4,1,2,9,9,31,11,42,6,17,2,21,2,4,1,1,0,160,68,-1,-1,-1,-1,-1,-1,-1,-1,-1,-1
DE MAGALLANES Y DE LA ANTARTICA CHILENA,NATALES,ESCUELA CAPITAN JUAN LADRILLERO,37V,4,18,38,64,7,10,1,2,16,3,3,2,8,6,50,16,27,1,19,4,10,0,10,0,3,0,160,68,-1,-1,-1,-1,-1,-1,-1,-1,-1,-1
DE MAGALLANES Y DE LA ANTARTICA CHILENA,NATALES,ESCUELA CAPITAN JUAN LADRILLERO,38V,5,23,52,42,12,13,2,3,13,5,3,1,8,10,28,14,41,2,25,2,17,4,9,0,1,0,165,68,-1,-1,-1,-1,-1,-1,-1,-1,-1,-1
DE MAGALLANES Y DE LA ANTARTICA CHILENA,NATALES,ESCUELA CAPITAN JUAN LADRILLERO,39V,5,27,65,34,9,8,0,3,13,3,7,3,15,24,23,18,15,10,17,12,9,4,5,1,0,0,164,68,-1,-1,-1,-1,-1,-1,-1,-1,-1,-1
DE MAGALLANES Y DE LA ANTARTICA CHILENA,NATALES,ESCUELA CAPITAN JUAN LADRILLERO,40,1,42,24,28,6,4,0,0,9,0,1,2,5,4,91,4,1,1,1,3,0,0,1,0,0,0,114,68,-1,-1,-1,-1,-1,-1,-1,-1,-1,-1
DE MAGALLANES Y DE LA ANTARTICA CHILENA,NATALES,ESCUELA CAPITAN JUAN LADRILLERO,41,1,31,43,14,5,5,0,2,7,2,2,3,65,3,15,12,5,0,2,0,1,0,0,0,0,0,108,68,-1,-1,-1,-1,-1,-1,-1,-1,-1,-1
DE MAGALLANES Y DE LA ANTARTICA CHILENA,NATALES,ESCUELA CAPITAN JUAN LADRILLERO,42,2,18,44,18,1,4,0,1,5,1,0,4,50,11,10,7,3,1,0,3,2,1,1,0,0,0,93,68,-1,-1,-1,-1,-1,-1,-1,-1,-1,-1
DE MAGALLANES Y DE LA ANTARTICA CHILENA,NATALES,ESCUELA SANTIAGO BUERAS,12M,1,9,29,26,14,8,2,2,22,4,1,2,0,4,3,7,10,3,9,26,2,29,1,9,1,6,113,68,-1,-1,-1,-1,-1,-1,-1,-1,-1,-1
DE MAGALLANES Y DE LA ANTARTICA CHILENA,NATALES,ESCUELA SANTIAGO BUERAS,13M,0,13,30,25,14,9,1,0,20,1,1,0,3,7,1,2,17,0,7,29,0,31,0,7,0,7,112,68,-1,-1,-1,-1,-1,-1,-1,-1,-1,-1
DE MAGALLANES Y DE LA ANTARTICA CHILENA,NATALES,ESCUELA SANTIAGO BUERAS,14M,1,7,28,25,15,9,2,1,22,3,0,3,3,3,6,1,6,4,8,33,0,27,0,13,0,3,110,68,-1,-1,-1,-1,-1,-1,-1,-1,-1,-1
DE MAGALLANES Y DE LA ANTARTICA CHILENA,NATALES,ESCUELA SANTIAGO BUERAS,15M,0,12,26,27,12,4,2,2,23,4,0,0,2,3,2,5,13,0,1,35,0,31,1,11,0,5,108,68,-1,-1,-1,-1,-1,-1,-1,-1,-1,-1
DE MAGALLANES Y DE LA ANTARTICA CHILENA,NATALES,ESCUELA SANTIAGO BUERAS,16M,1,12,32,25,12,9,1,1,21,2,1,1,4,3,3,3,19,4,0,32,1,27,0,12,0,4,114,68,-1,-1,-1,-1,-1,-1,-1,-1,-1,-1
DE MAGALLANES Y DE LA ANTARTICA CHILENA,NATALES,ESCUELA SANTIAGO BUERAS,17M,2,18,20,23,13,11,1,1,29,2,0,0,2,0,5,1,23,7,0,44,3,20,0,9,0,4,118,68,-1,-1,-1,-1,-1,-1,-1,-1,-1,-1
DE MAGALLANES Y DE LA ANTARTICA CHILENA,NATALES,ESCUELA SANTIAGO BUERAS,18M,1,11,31,34,13,9,1,1,22,2,0,1,6,3,6,2,20,36,1,26,0,16,0,6,0,1,123,68,-1,-1,-1,-1,-1,-1,-1,-1,-1,-1
DE MAGALLANES Y DE LA ANTARTICA CHILENA,NATALES,ESCUELA SANTIAGO BUERAS,19M,0,16,38,27,18,13,1,3,33,4,1,2,4,5,31,3,4,56,0,24,0,10,2,5,0,2,149,68,-1,-1,-1,-1,-1,-1,-1,-1,-1,-1
DE MAGALLANES Y DE LA ANTARTICA CHILENA,NATALES,ESCUELA SANTIAGO BUERAS,20M,1,17,55,36,18,10,2,4,22,6,1,2,6,3,27,6,5,59,1,33,0,14,0,7,0,1,165,68,-1,-1,-1,-1,-1,-1,-1,-1,-1,-1
DE MAGALLANES Y DE LA ANTARTICA CHILENA,NATALES,ESCUELA SANTIAGO BUERAS,21M,0,24,39,30,22,11,0,1,25,1,2,1,4,4,26,2,3,65,1,18,1,16,2,4,0,3,152,68,-1,-1,-1,-1,-1,-1,-1,-1,-1,-1
DE MAGALLANES Y DE LA ANTARTICA CHILENA,NATALES,ESCUELA SANTIAGO BUERAS,22M,1,16,35,38,16,14,1,2,25,3,0,1,3,8,24,11,2,54,1,21,1,19,0,1,0,2,148,68,-1,-1,-1,-1,-1,-1,-1,-1,-1,-1
DE MAGALLANES Y DE LA ANTARTICA CHILENA,NATALES,LICEO GABRIELA MISTRAL,10V,2,15,29,22,17,11,2,2,27,4,3,1,3,6,3,1,1,46,10,1,32,0,16,0,4,0,127,68,-1,-1,-1,-1,-1,-1,-1,-1,-1,-1
DE MAGALLANES Y DE LA ANTARTICA CHILENA,NATALES,LICEO GABRIELA MISTRAL,11V,2,18,30,30,14,5,0,0,24,0,0,1,7,4,5,5,2,56,11,2,14,2,11,1,1,0,123,68,-1,-1,-1,-1,-1,-1,-1,-1,-1,-1
DE MAGALLANES Y DE LA ANTARTICA CHILENA,NATALES,LICEO GABRIELA MISTRAL,12V,0,11,32,33,7,6,0,2,31,2,1,1,5,2,3,31,2,5,25,1,22,1,20,0,3,0,122,68,-1,-1,-1,-1,-1,-1,-1,-1,-1,-1
DE MAGALLANES Y DE LA ANTARTICA CHILENA,NATALES,LICEO GABRIELA MISTRAL,13V,0,17,27,28,11,5,1,1,24,2,0,0,5,5,2,36,3,3,15,2,23,3,11,0,6,0,114,68,-1,-1,-1,-1,-1,-1,-1,-1,-1,-1
DE MAGALLANES Y DE LA ANTARTICA CHILENA,NATALES,LICEO GABRIELA MISTRAL,14V,1,15,39,34,19,12,1,2,26,3,1,3,10,5,4,54,0,5,21,0,24,0,16,1,5,0,149,68,-1,-1,-1,-1,-1,-1,-1,-1,-1,-1
DE MAGALLANES Y DE LA ANTARTICA CHILENA,NATALES,LICEO GABRIELA MISTRAL,15V,1,16,40,38,12,9,1,0,21,1,0,3,4,3,1,58,2,5,21,4,17,1,18,0,1,0,138,68,-1,-1,-1,-1,-1,-1,-1,-1,-1,-1
DE MAGALLANES Y DE LA ANTARTICA CHILENA,NATALES,LICEO GABRIELA MISTRAL,16V,2,11,40,29,14,13,3,1,28,4,2,2,4,3,6,55,2,3,14,2,24,2,21,0,1,0,141,68,-1,-1,-1,-1,-1,-1,-1,-1,-1,-1
DE MAGALLANES Y DE LA ANTARTICA CHILENA,NATALES,LICEO GABRIELA MISTRAL,17V,0,27,41,34,10,11,0,3,20,3,3,1,5,5,10,52,2,3,18,2,28,2,9,0,6,0,146,68,-1,-1,-1,-1,-1,-1,-1,-1,-1,-1
DE MAGALLANES Y DE LA ANTARTICA CHILENA,NATALES,LICEO GABRIELA MISTRAL,18V,1,23,36,25,6,5,0,2,14,2,1,1,5,34,2,24,6,4,10,1,13,0,7,1,2,0,112,68,-1,-1,-1,-1,-1,-1,-1,-1,-1,-1
DE MAGALLANES Y DE LA ANTARTICA CHILENA,NATALES,LICEO GABRIELA MISTRAL,8V,0,10,31,24,9,3,1,2,18,3,1,1,4,7,1,3,3,22,12,8,20,0,11,0,4,1,98,68,-1,-1,-1,-1,-1,-1,-1,-1,-1,-1
DE MAGALLANES Y DE LA ANTARTICA CHILENA,NATALES,LICEO GABRIELA MISTRAL,9V,3,12,27,20,13,6,1,2,19,3,1,0,2,11,3,7,1,28,9,8,13,1,17,0,2,0,103,68,-1,-1,-1,-1,-1,-1,-1,-1,-1,-1
DE MAGALLANES Y DE LA ANTARTICA CHILENA,NATALES,LICEO LUIS CRUZ MARTINEZ,1V,2,9,24,24,3,6,3,2,10,5,2,0,4,8,4,6,2,2,6,2,16,0,22,1,7,1,83,68,-1,-1,-1,-1,-1,-1,-1,-1,-1,-1
DE MAGALLANES Y DE LA ANTARTICA CHILENA,NATALES,LICEO LUIS CRUZ MARTINEZ,23M,2,17,51,36,19,11,2,1,24,3,1,1,7,4,10,42,5,48,3,20,3,11,2,4,0,2,163,68,-1,-1,-1,-1,-1,-1,-1,-1,-1,-1
DE MAGALLANES Y DE LA ANTARTICA CHILENA,NATALES,LICEO LUIS CRUZ MARTINEZ,24M,3,19,42,48,16,11,0,5,22,5,0,2,4,6,10,46,2,50,2,14,1,14,0,8,0,6,166,68,-1,-1,-1,-1,-1,-1,-1,-1,-1,-1
DE MAGALLANES Y DE LA ANTARTICA CHILENA,NATALES,LICEO LUIS CRUZ MARTINEZ,25M,2,13,59,58,14,16,2,3,25,5,4,1,4,3,15,60,6,48,1,23,1,15,0,9,0,2,192,68,-1,-1,-1,-1,-1,-1,-1,-1,-1,-1
DE MAGALLANES Y DE LA ANTARTICA CHILENA,NATALES,LICEO LUIS CRUZ MARTINEZ,26M,1,33,41,33,11,10,1,0,11,1,1,4,7,8,42,24,5,16,2,16,1,10,0,4,0,0,141,68,-1,-1,-1,-1,-1,-1,-1,-1,-1,-1
DE MAGALLANES Y DE LA ANTARTICA CHILENA,NATALES,LICEO LUIS CRUZ MARTINEZ,2V,1,3,22,17,4,5,1,2,18,3,1,1,2,7,0,5,2,4,7,1,16,1,19,2,4,1,73,68,-1,-1,-1,-1,-1,-1,-1,-1,-1,-1
DE MAGALLANES Y DE LA ANTARTICA CHILENA,NATALES,LICEO LUIS CRUZ MARTINEZ,3V,2,2,17,27,2,2,0,1,22,1,2,1,4,2,0,5,1,2,8,0,23,0,19,1,7,0,75,68,-1,-1,-1,-1,-1,-1,-1,-1,-1,-1
DE MAGALLANES Y DE LA ANTARTICA CHILENA,NATALES,LICEO LUIS CRUZ MARTINEZ,4V,0,6,16,35,4,7,0,1,23,1,1,3,2,3,4,5,2,4,9,0,31,3,16,0,7,1,92,68,-1,-1,-1,-1,-1,-1,-1,-1,-1,-1
DE MAGALLANES Y DE LA ANTARTICA CHILENA,NATALES,LICEO LUIS CRUZ MARTINEZ,5V,0,6,28,22,7,5,0,0,17,0,2,1,6,8,4,3,0,4,9,2,19,7,18,1,2,0,85,68,-1,-1,-1,-1,-1,-1,-1,-1,-1,-1
DE MAGALLANES Y DE LA ANTARTICA CHILENA,NATALES,LICEO LUIS CRUZ MARTINEZ,6V,0,5,27,19,8,7,2,1,13,3,1,0,3,3,6,3,4,5,10,1,20,2,20,0,4,0,82,68,-1,-1,-1,-1,-1,-1,-1,-1,-1,-1
DE MAGALLANES Y DE LA ANTARTICA CHILENA,NATALES,LICEO LUIS CRUZ MARTINEZ,7V,1,10,19,11,3,7,0,2,11,2,1,2,3,3,1,3,0,14,16,3,8,0,7,0,5,0,64,68,-1,-1,-1,-1,-1,-1,-1,-1,-1,-1
DE MAGALLANES Y DE LA ANTARTICA CHILENA,PORVENIR,COLEGIO MARIA AUXILIADORA,11V-12V,0,17,53,52,12,8,2,0,10,2,2,0,18,15,24,21,21,8,23,3,13,2,1,1,1,1,154,20,-1,-1,-1,-1,-1,-1,-1,-1,-1,-1
DE MAGALLANES Y DE LA ANTARTICA CHILENA,PORVENIR,COLEGIO MARIA AUXILIADORA,13V-15V,1,9,44,29,9,7,0,1,12,1,1,0,7,17,11,11,26,5,13,2,13,2,3,1,1,0,112,20,-1,-1,-1,-1,-1,-1,-1,-1,-1,-1
DE MAGALLANES Y DE LA ANTARTICA CHILENA,PORVENIR,COLEGIO MARIA AUXILIADORA,16V-17V,0,10,18,21,4,3,1,1,11,2,2,1,8,4,5,8,21,1,5,0,7,2,4,0,0,1,69,20,-1,-1,-1,-1,-1,-1,-1,-1,-1,-1
DE MAGALLANES Y DE LA ANTARTICA CHILENA,PORVENIR,COLEGIO MARIA AUXILIADORA,18V-19V,1,10,35,25,6,8,0,1,3,1,1,3,11,16,7,8,14,6,9,5,4,3,2,0,0,0,89,20,-1,-1,-1,-1,-1,-1,-1,-1,-1,-1
DE MAGALLANES Y DE LA ANTARTICA CHILENA,PORVENIR,COLEGIO MARIA AUXILIADORA,20V-21V,0,12,28,17,4,5,0,1,8,1,1,5,5,8,4,9,10,7,12,1,5,4,2,0,2,0,75,20,-1,-1,-1,-1,-1,-1,-1,-1,-1,-1
DE MAGALLANES Y DE LA ANTARTICA CHILENA,PORVENIR,COLEGIO MARIA AUXILIADORA,22V-24V,0,20,41,48,12,13,0,2,11,2,1,0,9,7,33,6,42,1,23,0,13,2,7,0,3,0,147,20,-1,-1,-1,-1,-1,-1,-1,-1,-1,-1
DE MAGALLANES Y DE LA ANTARTICA CHILENA,PORVENIR,COLEGIO MARIA AUXILIADORA,23V,1,6,24,24,11,5,1,1,8,2,2,0,3,2,23,6,12,1,7,0,17,2,3,0,3,0,81,20,-1,-1,-1,-1,-1,-1,-1,-1,-1,-1
DE MAGALLANES Y DE LA ANTARTICA CHILENA,PORVENIR,COLEGIO MARIA AUXILIADORA,6V-8V,1,17,45,27,15,3,2,3,27,5,1,3,8,7,12,6,6,2,37,1,35,2,13,0,7,0,140,20,-1,-1,-1,-1,-1,-1,-1,-1,-1,-1
DE MAGALLANES Y DE LA ANTARTICA CHILENA,PORVENIR,COLEGIO MARIA AUXILIADORA,9V-10V,3,12,30,21,12,7,1,3,16,4,2,2,10,11,6,7,4,7,22,3,12,5,11,1,2,0,105,20,-1,-1,-1,-1,-1,-1,-1,-1,-1,-1
DE MAGALLANES Y DE LA ANTARTICA CHILENA,PORVENIR,LICEO HERNANDO DE MAGALLANES,1M,0,1,27,25,4,5,1,1,13,2,0,2,1,0,0,1,2,0,3,10,8,28,3,11,0,8,77,20,-1,-1,-1,-1,-1,-1,-1,-1,-1,-1
DE MAGALLANES Y DE LA ANTARTICA CHILENA,PORVENIR,LICEO HERNANDO DE MAGALLANES,1V,0,5,18,17,2,7,0,2,7,2,0,0,1,3,1,3,0,9,5,5,16,1,7,0,6,0,58,20,-1,-1,-1,-1,-1,-1,-1,-1,-1,-1
DE MAGALLANES Y DE LA ANTARTICA CHILENA,PORVENIR,LICEO HERNANDO DE MAGALLANES,2M,0,5,22,19,7,10,3,6,17,9,0,0,1,1,0,1,11,1,7,24,1,21,0,14,0,7,89,20,-1,-1,-1,-1,-1,-1,-1,-1,-1,-1
DE MAGALLANES Y DE LA ANTARTICA CHILENA,PORVENIR,LICEO HERNANDO DE MAGALLANES,3M-9M,5,13,31,36,11,9,1,1,20,2,1,0,5,7,20,8,6,6,2,28,0,28,1,10,0,5,127,20,-1,-1,-1,-1,-1,-1,-1,-1,-1,-1
DE MAGALLANES Y DE LA ANTARTICA CHILENA,PORVENIR,LICEO HERNANDO DE MAGALLANES,3V,0,13,39,33,10,5,1,3,12,4,0,1,5,4,0,67,3,13,6,1,6,0,6,0,4,0,116,20,-1,-1,-1,-1,-1,-1,-1,-1,-1,-1
DE MAGALLANES Y DE LA ANTARTICA CHILENA,PORVENIR,LICEO HERNANDO DE MAGALLANES,4M,3,10,41,18,7,13,2,6,16,8,1,0,1,5,37,0,2,1,0,28,0,19,1,14,0,7,116,20,-1,-1,-1,-1,-1,-1,-1,-1,-1,-1
DE MAGALLANES Y DE LA ANTARTICA CHILENA,PORVENIR,LICEO HERNANDO DE MAGALLANES,4V-26,0,20,60,25,9,10,0,0,17,0,1,2,11,47,8,12,1,4,13,3,21,1,12,1,4,0,141,20,-1,-1,-1,-1,-1,-1,-1,-1,-1,-1
DE MAGALLANES Y DE LA ANTARTICA CHILENA,PORVENIR,LICEO HERNANDO DE MAGALLANES,5M-5V,0,17,46,32,11,7,0,2,25,2,3,0,21,5,14,6,0,19,5,30,5,17,2,9,3,1,140,20,-1,-1,-1,-1,-1,-1,-1,-1,-1,-1
DE MAGALLANES Y DE LA ANTARTICA CHILENA,PORVENIR,LICEO HERNANDO DE MAGALLANES,6M-25,0,15,53,44,15,13,2,1,22,3,1,1,7,10,9,15,19,46,10,19,6,15,1,5,0,1,165,20,-1,-1,-1,-1,-1,-1,-1,-1,-1,-1
DE MAGALLANES Y DE LA ANTARTICA CHILENA,PORVENIR,LICEO HERNANDO DE MAGALLANES,7M-7V,2,17,52,36,17,13,1,2,23,3,0,2,2,8,12,36,1,27,3,36,4,20,3,8,1,0,163,20,-1,-1,-1,-1,-1,-1,-1,-1,-1,-1
DE MAGALLANES Y DE LA ANTARTICA CHILENA,PORVENIR,LICEO HERNANDO DE MAGALLANES,8M-14V,1,18,54,32,15,15,1,2,26,3,2,2,8,9,3,52,11,36,8,16,1,9,2,3,0,1,164,20,-1,-1,-1,-1,-1,-1,-1,-1,-1,-1
DE MAGALLANES Y DE LA ANTARTICA CHILENA,PRIMAVERA,ESCUELA CERRO SOMBRERO,1M-2M,0,13,16,16,17,10,0,3,12,3,0,0,5,2,5,4,8,8,7,23,3,11,1,8,0,2,87,4,-1,-1,-1,-1,-1,-1,-1,-1,-1,-1
DE MAGALLANES Y DE LA ANTARTICA CHILENA,PRIMAVERA,ESCUELA CERRO SOMBRERO,3M-1V-2V-7V,1,15,19,19,10,7,1,3,11,4,1,0,5,13,10,10,3,7,4,5,13,2,12,2,0,0,86,4,-1,-1,-1,-1,-1,-1,-1,-1,-1,-1
DE MAGALLANES Y DE LA ANTARTICA CHILENA,PRIMAVERA,ESCUELA CERRO SOMBRERO,3V-4V-5V,2,12,26,20,11,7,1,1,9,2,1,2,3,3,12,7,10,3,18,3,17,3,5,2,0,0,89,4,-1,-1,-1,-1,-1,-1,-1,-1,-1,-1
DE MAGALLANES Y DE LA ANTARTICA CHILENA,PRIMAVERA,ESCUELA CERRO SOMBRERO,6V-8-9,1,11,2,11,8,7,0,0,11,0,1,2,3,3,9,6,10,3,4,1,6,3,0,0,0,0,51,4,-1,-1,-1,-1,-1,-1,-1,-1,-1,-1
DE MAGALLANES Y DE LA ANTARTICA CHILENA,PUNTA ARENAS,CENTRO ELIGE VIVIR SANO,221V,4,17,44,52,8,9,2,1,15,3,1,4,5,9,36,3,39,4,27,2,14,2,5,1,0,0,152,400,-1,-1,-1,-1,-1,-1,-1,-1,-1,-1
DE MAGALLANES Y DE LA ANTARTICA CHILENA,PUNTA ARENAS,CENTRO ELIGE VIVIR SANO,222V,0,25,54,47,14,12,0,4,15,4,3,6,9,8,54,5,47,1,20,2,9,3,2,0,1,0,171,400,-1,-1,-1,-1,-1,-1,-1,-1,-1,-1
DE MAGALLANES Y DE LA ANTARTICA CHILENA,PUNTA ARENAS,CENTRO ELIGE VIVIR SANO,223V,3,16,37,51,12,10,0,1,10,1,4,3,11,11,33,7,29,4,19,3,8,1,5,1,1,0,140,400,-1,-1,-1,-1,-1,-1,-1,-1,-1,-1
DE MAGALLANES Y DE LA ANTARTICA CHILENA,PUNTA ARENAS,CENTRO ELIGE VIVIR SANO,224V,0,17,34,54,10,10,0,1,9,1,2,6,12,18,17,5,28,9,18,5,9,1,4,0,0,1,135,400,-1,-1,-1,-1,-1,-1,-1,-1,-1,-1
DE MAGALLANES Y DE LA ANTARTICA CHILENA,PUNTA ARENAS,CENTRO ELIGE VIVIR SANO,225V,1,21,39,50,8,9,0,0,8,0,4,6,8,16,25,6,28,9,16,5,10,0,3,0,0,0,136,400,-1,-1,-1,-1,-1,-1,-1,-1,-1,-1
DE MAGALLANES Y DE LA ANTARTICA CHILENA,PUNTA ARENAS,CENTRO ELIGE VIVIR SANO,226V,1,19,39,52,9,12,0,1,3,1,6,3,17,10,23,9,17,3,29,0,13,2,3,0,1,0,136,400,-1,-1,-1,-1,-1,-1,-1,-1,-1,-1
DE MAGALLANES Y DE LA ANTARTICA CHILENA,PUNTA ARENAS,CENTRO ELIGE VIVIR SANO,227V,0,19,33,79,4,6,0,2,10,2,3,6,9,15,35,14,31,2,17,1,13,2,4,0,1,0,153,400,-1,-1,-1,-1,-1,-1,-1,-1,-1,-1
DE MAGALLANES Y DE LA ANTARTICA CHILENA,PUNTA ARENAS,CENTRO ELIGE VIVIR SANO,228V,2,23,42,63,9,14,0,4,17,4,4,2,11,12,46,4,35,6,32,1,15,3,0,0,3,0,174,400,-1,-1,-1,-1,-1,-1,-1,-1,-1,-1
DE MAGALLANES Y DE LA ANTARTICA CHILENA,PUNTA ARENAS,CENTRO ELIGE VIVIR SANO,229V,1,18,55,51,11,17,0,1,11,1,4,4,14,16,39,5,40,7,12,5,7,0,10,0,2,0,165,400,-1,-1,-1,-1,-1,-1,-1,-1,-1,-1
DE MAGALLANES Y DE LA ANTARTICA CHILENA,PUNTA ARENAS,CENTRO ELIGE VIVIR SANO,230V,4,16,57,71,17,18,0,1,16,1,2,2,7,9,46,4,62,17,17,3,17,3,9,1,1,0,200,400,-1,-1,-1,-1,-1,-1,-1,-1,-1,-1
DE MAGALLANES Y DE LA ANTARTICA CHILENA,PUNTA ARENAS,ESCUELA ARTURO PRAT CHACON,147V,2,17,37,33,15,20,0,2,11,2,4,7,10,14,8,4,36,4,32,1,12,1,3,0,1,0,137,400,-1,-1,-1,-1,-1,-1,-1,-1,-1,-1
DE MAGALLANES Y DE LA ANTARTICA CHILENA,PUNTA ARENAS,ESCUELA ARTURO PRAT CHACON,148V,2,14,40,39,10,14,0,1,11,1,0,5,13,17,6,8,34,3,19,6,7,6,4,1,2,0,131,400,-1,-1,-1,-1,-1,-1,-1,-1,-1,-1
DE MAGALLANES Y DE LA ANTARTICA CHILENA,PUNTA ARENAS,ESCUELA ARTURO PRAT CHACON,149V,2,18,38,36,6,10,0,0,9,0,3,6,9,23,9,11,23,10,12,1,8,0,4,0,0,0,119,400,-1,-1,-1,-1,-1,-1,-1,-1,-1,-1
DE MAGALLANES Y DE LA ANTARTICA CHILENA,PUNTA ARENAS,ESCUELA ARTURO PRAT CHACON,150V,4,19,37,35,14,14,0,3,16,3,3,3,13,18,7,9,51,3,13,4,13,1,2,1,1,0,142,400,-1,-1,-1,-1,-1,-1,-1,-1,-1,-1
DE MAGALLANES Y DE LA ANTARTICA CHILENA,PUNTA ARENAS,ESCUELA ARTURO PRAT CHACON,151V,1,15,28,31,16,12,0,0,15,0,6,4,12,14,3,11,21,8,14,7,10,5,1,0,2,0,118,400,-1,-1,-1,-1,-1,-1,-1,-1,-1,-1
DE MAGALLANES Y DE LA ANTARTICA CHILENA,PUNTA ARENAS,ESCUELA ARTURO PRAT CHACON,152V,1,13,32,25,9,14,0,3,8,3,2,2,12,21,7,8,22,6,10,1,4,4,6,0,0,0,105,400,-1,-1,-1,-1,-1,-1,-1,-1,-1,-1
DE MAGALLANES Y DE LA ANTARTICA CHILENA,PUNTA ARENAS,ESCUELA ARTURO PRAT CHACON,153V,1,18,38,24,8,8,0,2,2,2,5,3,18,23,9,4,14,7,10,5,2,0,1,0,0,0,101,400,-1,-1,-1,-1,-1,-1,-1,-1,-1,-1
DE MAGALLANES Y DE LA ANTARTICA CHILENA,PUNTA ARENAS,ESCUELA ARTURO PRAT CHACON,154V,1,16,36,31,9,11,0,1,13,1,4,7,16,24,9,8,19,5,15,4,5,1,0,1,0,0,118,400,-1,-1,-1,-1,-1,-1,-1,-1,-1,-1
DE MAGALLANES Y DE LA ANTARTICA CHILENA,PUNTA ARENAS,ESCUELA ARTURO PRAT CHACON,155V,1,12,34,26,7,12,1,1,7,2,5,4,16,17,3,9,13,14,7,2,5,1,4,1,0,0,101,400,-1,-1,-1,-1,-1,-1,-1,-1,-1,-1
DE MAGALLANES Y DE LA ANTARTICA CHILENA,PUNTA ARENAS,ESCUELA ARTURO PRAT CHACON,156V,1,18,54,37,11,14,2,1,15,3,2,6,14,22,5,14,43,7,20,2,11,4,2,0,1,0,153,400,-1,-1,-1,-1,-1,-1,-1,-1,-1,-1
DE MAGALLANES Y DE LA ANTARTICA CHILENA,PUNTA ARENAS,ESCUELA ARTURO PRAT CHACON,157V,3,15,47,26,9,8,0,2,9,2,3,7,14,18,4,9,24,6,20,2,5,6,1,0,0,0,119,400,-1,-1,-1,-1,-1,-1,-1,-1,-1,-1
DE MAGALLANES Y DE LA ANTARTICA CHILENA,PUNTA ARENAS,ESCUELA ARTURO PRAT CHACON,158V,2,20,43,46,20,14,1,1,4,2,6,4,15,10,4,10,56,1,22,4,16,1,1,0,1,0,151,400,-1,-1,-1,-1,-1,-1,-1,-1,-1,-1
DE MAGALLANES Y DE LA ANTARTICA CHILENA,PUNTA ARENAS,ESCUELA BERNARDO O'HIGGINS,137V,3,16,32,24,4,12,0,2,7,2,6,3,15,17,10,7,15,5,8,4,7,0,2,1,0,0,100,400,-1,-1,-1,-1,-1,-1,-1,-1,-1,-1
DE MAGALLANES Y DE LA ANTARTICA CHILENA,PUNTA ARENAS,ESCUELA BERNARDO O'HIGGINS,138V,1,19,42,36,12,6,1,2,8,3,3,5,28,21,12,3,30,5,7,3,2,5,1,2,0,0,127,400,-1,-1,-1,-1,-1,-1,-1,-1,-1,-1
DE MAGALLANES Y DE LA ANTARTICA CHILENA,PUNTA ARENAS,ESCUELA BERNARDO O'HIGGINS,139V,1,19,29,29,17,11,1,0,9,1,3,3,23,17,12,10,22,6,5,7,4,1,3,0,0,0,116,400,-1,-1,-1,-1,-1,-1,-1,-1,-1,-1
DE MAGALLANES Y DE LA ANTARTICA CHILENA,PUNTA ARENAS,ESCUELA BERNARDO O'HIGGINS,140V,2,27,55,51,10,20,0,3,8,3,3,2,34,60,9,15,13,10,8,9,5,6,0,1,0,0,176,400,-1,-1,-1,-1,-1,-1,-1,-1,-1,-1
DE MAGALLANES Y DE LA ANTARTICA CHILENA,PUNTA ARENAS,ESCUELA BERNARDO O'HIGGINS,141V,1,19,46,41,13,10,2,0,7,2,4,6,20,18,17,21,18,10,10,8,3,1,2,1,0,0,139,400,-1,-1,-1,-1,-1,-1,-1,-1,-1,-1
DE MAGALLANES Y DE LA ANTARTICA CHILENA,PUNTA ARENAS,ESCUELA BERNARDO O'HIGGINS,142V,1,15,31,41,14,11,1,1,3,2,5,4,16,21,13,11,13,6,6,6,7,7,3,0,0,0,118,400,-1,-1,-1,-1,-1,-1,-1,-1,-1,-1
DE MAGALLANES Y DE LA ANTARTICA CHILENA,PUNTA ARENAS,ESCUELA BERNARDO O'HIGGINS,143V,2,21,39,30,9,16,0,4,6,4,2,3,22,14,3,11,34,9,11,6,6,1,2,2,0,1,127,400,-1,-1,-1,-1,-1,-1,-1,-1,-1,-1
DE MAGALLANES Y DE LA ANTARTICA CHILENA,PUNTA ARENAS,ESCUELA BERNARDO O'HIGGINS,144V,2,15,54,43,15,16,1,0,12,1,3,3,33,29,11,12,27,11,14,3,6,2,4,0,0,0,158,400,-1,-1,-1,-1,-1,-1,-1,-1,-1,-1
DE MAGALLANES Y DE LA ANTARTICA CHILENA,PUNTA ARENAS,ESCUELA BERNARDO O'HIGGINS,145V,1,20,39,38,14,15,0,2,8,2,5,5,13,23,8,5,35,6,24,3,4,2,3,0,0,1,137,400,-1,-1,-1,-1,-1,-1,-1,-1,-1,-1
DE MAGALLANES Y DE LA ANTARTICA CHILENA,PUNTA ARENAS,ESCUELA BERNARDO O'HIGGINS,146V,2,13,37,38,15,9,2,0,13,2,0,1,12,19,9,6,32,7,19,4,12,1,6,0,1,0,129,400,-1,-1,-1,-1,-1,-1,-1,-1,-1,-1
DE MAGALLANES Y DE LA ANTARTICA CHILENA,PUNTA ARENAS,ESCUELA CROACIA,126M,1,31,56,39,16,21,1,0,13,1,0,1,51,11,14,4,3,60,1,12,0,13,1,5,0,2,178,400,-1,-1,-1,-1,-1,-1,-1,-1,-1,-1
DE MAGALLANES Y DE LA ANTARTICA CHILENA,PUNTA ARENAS,ESCUELA CROACIA,127M,1,16,44,34,22,19,1,2,13,3,0,3,9,6,27,6,1,53,0,27,0,14,0,4,0,2,152,400,-1,-1,-1,-1,-1,-1,-1,-1,-1,-1
DE MAGALLANES Y DE LA ANTARTICA CHILENA,PUNTA ARENAS,ESCUELA CROACIA,128M,0,25,46,37,24,14,0,3,13,3,4,1,2,3,40,4,0,61,1,22,0,18,1,5,0,0,162,400,-1,-1,-1,-1,-1,-1,-1,-1,-1,-1
DE MAGALLANES Y DE LA ANTARTICA CHILENA,PUNTA ARENAS,ESCUELA CROACIA,129M,0,20,52,37,20,14,1,2,17,3,0,2,4,4,31,3,2,57,2,32,0,19,0,7,0,0,163,400,-1,-1,-1,-1,-1,-1,-1,-1,-1,-1
DE MAGALLANES Y DE LA ANTARTICA CHILENA,PUNTA ARENAS,ESCUELA CROACIA,130M,2,26,51,37,21,9,0,0,14,0,0,2,4,2,33,3,2,76,1,22,1,10,0,2,1,1,160,400,-1,-1,-1,-1,-1,-1,-1,-1,-1,-1
DE MAGALLANES Y DE LA ANTARTICA CHILENA,PUNTA ARENAS,ESCUELA CROACIA,131M,3,23,53,54,15,14,0,0,15,0,0,1,52,5,18,6,1,49,3,25,2,15,0,4,0,0,177,400,-1,-1,-1,-1,-1,-1,-1,-1,-1,-1
DE MAGALLANES Y DE LA ANTARTICA CHILENA,PUNTA ARENAS,ESCUELA CROACIA,132M,1,21,53,36,18,13,0,1,7,1,0,2,44,6,9,8,5,38,3,15,0,15,1,3,0,1,150,400,-1,-1,-1,-1,-1,-1,-1,-1,-1,-1
DE MAGALLANES Y DE LA ANTARTICA CHILENA,PUNTA ARENAS,ESCUELA CROACIA,133M,3,31,51,36,11,16,0,1,7,1,3,3,36,4,10,3,1,55,0,26,1,11,1,2,1,0,156,400,-1,-1,-1,-1,-1,-1,-1,-1,-1,-1
DE MAGALLANES Y DE LA ANTARTICA CHILENA,PUNTA ARENAS,ESCUELA CROACIA,134M,1,25,50,38,16,17,0,1,16,1,0,1,24,7,10,4,3,57,3,26,0,18,2,3,1,4,164,400,-1,-1,-1,-1,-1,-1,-1,-1,-1,-1
DE MAGALLANES Y DE LA ANTARTICA CHILENA,PUNTA ARENAS,ESCUELA CROACIA,135M,4,21,53,37,12,23,1,0,13,1,0,1,35,3,4,12,5,47,1,30,0,18,0,5,1,2,164,400,-1,-1,-1,-1,-1,-1,-1,-1,-1,-1
DE MAGALLANES Y DE LA ANTARTICA CHILENA,PUNTA ARENAS,ESCUELA DIECIOCHO DE SEPTIEMBRE,100V,0,19,57,34,15,12,0,0,17,0,0,1,4,59,1,3,2,2,27,5,32,1,15,0,2,0,154,400,-1,-1,-1,-1,-1,-1,-1,-1,-1,-1
DE MAGALLANES Y DE LA ANTARTICA CHILENA,PUNTA ARENAS,ESCUELA DIECIOCHO DE SEPTIEMBRE,101V,3,22,52,33,20,15,0,3,11,3,0,2,6,83,5,6,1,4,16,3,23,0,10,0,0,0,159,400,-1,-1,-1,-1,-1,-1,-1,-1,-1,-1
DE MAGALLANES Y DE LA ANTARTICA CHILENA,PUNTA ARENAS,ESCUELA DIECIOCHO DE SEPTIEMBRE,102V,2,32,43,47,20,13,1,0,4,1,4,3,6,71,12,14,10,7,16,4,9,1,4,0,1,0,162,400,-1,-1,-1,-1,-1,-1,-1,-1,-1,-1
DE MAGALLANES Y DE LA ANTARTICA CHILENA,PUNTA ARENAS,ESCUELA DIECIOCHO DE SEPTIEMBRE,103V,0,32,69,25,15,10,0,1,12,1,4,1,2,85,3,4,3,1,26,1,25,1,7,0,1,0,164,400,-1,-1,-1,-1,-1,-1,-1,-1,-1,-1
DE MAGALLANES Y DE LA ANTARTICA CHILENA,PUNTA ARENAS,ESCUELA DIECIOCHO DE SEPTIEMBRE,104V,3,19,61,32,20,7,1,1,13,2,1,0,2,94,6,0,2,2,21,2,20,0,7,0,0,0,157,400,-1,-1,-1,-1,-1,-1,-1,-1,-1,-1
DE MAGALLANES Y DE LA ANTARTICA CHILENA,PUNTA ARENAS,ESCUELA DIECIOCHO DE SEPTIEMBRE,105V,2,21,56,39,10,8,1,3,12,4,2,4,5,70,7,2,4,2,21,2,16,2,10,1,4,0,152,400,-1,-1,-1,-1,-1,-1,-1,-1,-1,-1
DE MAGALLANES Y DE LA ANTARTICA CHILENA,PUNTA ARENAS,ESCUELA DIECIOCHO DE SEPTIEMBRE,91V,2,30,50,37,17,8,0,4,12,4,0,2,3,8,2,64,2,5,38,1,25,1,9,0,1,0,160,400,-1,-1,-1,-1,-1,-1,-1,-1,-1,-1
DE MAGALLANES Y DE LA ANTARTICA CHILENA,PUNTA ARENAS,ESCUELA DIECIOCHO DE SEPTIEMBRE,92V,1,29,59,38,18,6,0,4,12,4,2,1,11,13,1,84,1,0,22,2,17,0,12,0,1,0,167,400,-1,-1,-1,-1,-1,-1,-1,-1,-1,-1
DE MAGALLANES Y DE LA ANTARTICA CHILENA,PUNTA ARENAS,ESCUELA DIECIOCHO DE SEPTIEMBRE,93V,1,23,57,39,13,13,1,2,15,3,1,1,8,35,0,36,4,1,34,1,28,1,11,0,3,0,164,400,-1,-1,-1,-1,-1,-1,-1,-1,-1,-1
DE MAGALLANES Y DE LA ANTARTICA CHILENA,PUNTA ARENAS,ESCUELA DIECIOCHO DE SEPTIEMBRE,94V,3,23,50,41,16,12,1,6,13,7,4,1,3,67,2,8,1,2,15,4,34,1,19,0,3,1,165,400,-1,-1,-1,-1,-1,-1,-1,-1,-1,-1
DE MAGALLANES Y DE LA ANTARTICA CHILENA,PUNTA ARENAS,ESCUELA DIECIOCHO DE SEPTIEMBRE,95V,0,23,56,40,16,18,1,0,19,1,1,3,6,74,3,8,2,1,26,1,32,0,14,0,2,0,173,400,-1,-1,-1,-1,-1,-1,-1,-1,-1,-1
DE MAGALLANES Y DE LA ANTARTICA CHILENA,PUNTA ARENAS,ESCUELA DIECIOCHO DE SEPTIEMBRE,96V,4,31,52,44,16,16,0,0,20,0,0,3,13,53,12,26,4,4,16,4,37,0,9,0,2,0,183,400,-1,-1,-1,-1,-1,-1,-1,-1,-1,-1
DE MAGALLANES Y DE LA ANTARTICA CHILENA,PUNTA ARENAS,ESCUELA DIECIOCHO DE SEPTIEMBRE,97V,1,35,54,45,13,9,0,0,14,0,0,0,6,72,3,3,1,2,30,4,36,2,8,1,2,1,171,400,-1,-1,-1,-1,-1,-1,-1,-1,-1,-1
DE MAGALLANES Y DE LA ANTARTICA CHILENA,PUNTA ARENAS,ESCUELA DIECIOCHO DE SEPTIEMBRE,98V,3,24,77,30,14,21,0,1,17,1,1,2,5,74,2,2,5,5,27,5,39,1,17,0,2,0,187,400,-1,-1,-1,-1,-1,-1,-1,-1,-1,-1
DE MAGALLANES Y DE LA ANTARTICA CHILENA,PUNTA ARENAS,ESCUELA DIECIOCHO DE SEPTIEMBRE,99V,0,16,48,30,27,18,2,0,13,2,0,0,7,69,1,0,4,3,27,1,28,0,8,0,6,0,154,400,-1,-1,-1,-1,-1,-1,-1,-1,-1,-1
DE MAGALLANES Y DE LA ANTARTICA CHILENA,PUNTA ARENAS,ESCUELA ESPANA,148M,1,22,61,42,17,16,1,3,12,4,1,1,12,8,3,34,1,55,3,28,1,19,0,7,0,2,175,400,-1,-1,-1,-1,-1,-1,-1,-1,-1,-1
DE MAGALLANES Y DE LA ANTARTICA CHILENA,PUNTA ARENAS,ESCUELA ESPANA,149M,1,26,49,51,21,17,0,4,13,4,2,2,20,5,2,53,3,56,1,18,0,8,1,8,0,3,182,400,-1,-1,-1,-1,-1,-1,-1,-1,-1,-1
DE MAGALLANES Y DE LA ANTARTICA CHILENA,PUNTA ARENAS,ESCUELA ESPANA,150M,2,13,56,50,16,13,1,0,12,1,2,3,20,4,5,42,1,38,2,27,1,8,3,4,0,3,163,400,-1,-1,-1,-1,-1,-1,-1,-1,-1,-1
DE MAGALLANES Y DE LA ANTARTICA CHILENA,PUNTA ARENAS,ESCUELA ESPANA,151M,1,22,51,56,17,15,0,1,11,1,1,2,14,8,2,51,2,44,0,24,3,15,1,5,1,1,174,400,-1,-1,-1,-1,-1,-1,-1,-1,-1,-1
DE MAGALLANES Y DE LA ANTARTICA CHILENA,PUNTA ARENAS,ESCUELA ESPANA,152M,3,20,64,54,16,35,0,0,28,0,1,3,8,8,4,66,10,48,12,20,7,17,4,10,0,2,220,400,-1,-1,-1,-1,-1,-1,-1,-1,-1,-1
DE MAGALLANES Y DE LA ANTARTICA CHILENA,PUNTA ARENAS,ESCUELA ESPANA,153M,0,26,52,50,17,18,0,2,12,2,2,2,6,4,5,71,5,43,0,16,1,13,2,5,0,2,177,400,-1,-1,-1,-1,-1,-1,-1,-1,-1,-1
DE MAGALLANES Y DE LA ANTARTICA CHILENA,PUNTA ARENAS,ESCUELA ESPANA,154M,1,16,56,49,13,20,1,0,17,1,1,2,6,11,3,55,7,43,0,24,1,8,1,5,1,5,173,400,-1,-1,-1,-1,-1,-1,-1,-1,-1,-1
DE MAGALLANES Y DE LA ANTARTICA CHILENA,PUNTA ARENAS,ESCUELA ESPANA,155M,0,22,51,80,21,28,0,1,17,1,3,0,8,4,4,82,11,47,5,28,2,20,1,3,0,2,220,400,-1,-1,-1,-1,-1,-1,-1,-1,-1,-1
DE MAGALLANES Y DE LA ANTARTICA CHILENA,PUNTA ARENAS,ESCUELA ESPANA,156M,1,23,71,65,12,15,0,2,17,2,2,2,6,8,3,77,1,46,3,22,4,21,1,8,0,2,206,400,-1,-1,-1,-1,-1,-1,-1,-1,-1,-1
DE MAGALLANES Y DE LA ANTARTICA CHILENA,PUNTA ARENAS,ESCUELA ESPANA,157M,1,28,66,54,16,17,0,3,13,3,1,2,6,13,2,59,2,63,4,25,1,11,1,8,0,0,198,400,-1,-1,-1,-1,-1,-1,-1,-1,-1,-1
DE MAGALLANES Y DE LA ANTARTICA CHILENA,PUNTA ARENAS,ESCUELA ESPANA,158M,2,28,58,44,21,13,0,0,12,0,4,1,20,35,7,49,1,33,1,11,3,8,2,3,0,0,178,400,-1,-1,-1,-1,-1,-1,-1,-1,-1,-1
DE MAGALLANES Y DE LA ANTARTICA CHILENA,PUNTA ARENAS,ESCUELA ESPANA,1V,0,5,26,21,4,9,0,0,7,0,0,1,8,8,2,2,4,1,11,1,10,1,13,1,8,1,72,400,-1,-1,-1,-1,-1,-1,-1,-1,-1,-1
DE MAGALLANES Y DE LA ANTARTICA CHILENA,PUNTA ARENAS,ESCUELA ESPANA,2V,1,5,35,34,4,6,0,1,14,1,1,3,4,5,10,10,0,2,7,3,21,0,22,1,10,1,100,400,-1,-1,-1,-1,-1,-1,-1,-1,-1,-1
DE MAGALLANES Y DE LA ANTARTICA CHILENA,PUNTA ARENAS,ESCUELA ESPANA,3V,1,4,15,29,6,7,0,1,12,1,3,3,3,4,5,5,1,2,9,1,19,1,10,1,8,0,75,400,-1,-1,-1,-1,-1,-1,-1,-1,-1,-1
DE MAGALLANES Y DE LA ANTARTICA CHILENA,PUNTA ARENAS,ESCUELA ESPANA,4V,0,4,30,26,8,6,0,0,17,0,1,3,5,4,1,2,2,2,14,2,20,0,23,1,8,3,91,400,-1,-1,-1,-1,-1,-1,-1,-1,-1,-1
DE MAGALLANES Y DE LA ANTARTICA CHILENA,PUNTA ARENAS,ESCUELA GENERAL MANUEL BULNES,205V,5,18,28,39,11,4,0,0,5,0,4,4,11,17,19,6,21,6,11,2,7,1,2,0,0,0,110,400,-1,-1,-1,-1,-1,-1,-1,-1,-1,-1
DE MAGALLANES Y DE LA ANTARTICA CHILENA,PUNTA ARENAS,ESCUELA GENERAL MANUEL BULNES,206V,1,18,25,25,4,5,0,0,5,0,2,5,9,17,10,7,10,5,10,1,1,5,0,1,0,0,83,400,-1,-1,-1,-1,-1,-1,-1,-1,-1,-1
DE MAGALLANES Y DE LA ANTARTICA CHILENA,PUNTA ARENAS,ESCUELA GENERAL MANUEL BULNES,207V,0,21,47,47,6,12,1,1,11,2,5,1,13,17,21,4,40,10,16,3,13,1,2,0,0,0,146,400,-1,-1,-1,-1,-1,-1,-1,-1,-1,-1
DE MAGALLANES Y DE LA ANTARTICA CHILENA,PUNTA ARENAS,ESCUELA GENERAL MANUEL BULNES,208V,0,19,53,45,4,10,2,1,9,3,5,3,13,15,20,7,37,5,15,5,13,1,1,2,1,0,143,400,-1,-1,-1,-1,-1,-1,-1,-1,-1,-1
DE MAGALLANES Y DE LA ANTARTICA CHILENA,PUNTA ARENAS,ESCUELA GENERAL MANUEL BULNES,209V,0,13,31,44,7,11,0,2,10,2,1,5,11,9,23,3,32,2,9,3,10,3,5,1,1,0,118,400,-1,-1,-1,-1,-1,-1,-1,-1,-1,-1
DE MAGALLANES Y DE LA ANTARTICA CHILENA,PUNTA ARENAS,ESCUELA GENERAL MANUEL BULNES,210V,2,11,37,56,9,12,0,1,5,1,8,4,10,21,20,7,16,13,11,7,8,2,2,2,1,1,133,400,-1,-1,-1,-1,-1,-1,-1,-1,-1,-1
DE MAGALLANES Y DE LA ANTARTICA CHILENA,PUNTA ARENAS,ESCUELA GENERAL MANUEL BULNES,211V,2,17,36,34,6,7,1,2,5,3,3,6,15,16,15,8,15,6,8,2,8,4,1,1,1,1,110,400,-1,-1,-1,-1,-1,-1,-1,-1,-1,-1
DE MAGALLANES Y DE LA ANTARTICA CHILENA,PUNTA ARENAS,ESCUELA GENERAL MANUEL BULNES,212V,0,19,24,43,11,8,0,3,10,3,2,6,16,17,26,4,18,6,7,3,8,1,0,2,1,0,118,400,-1,-1,-1,-1,-1,-1,-1,-1,-1,-1
DE MAGALLANES Y DE LA ANTARTICA CHILENA,PUNTA ARENAS,ESCUELA GENERAL MANUEL BULNES,213V,4,18,43,37,5,17,0,0,9,0,9,5,16,21,20,6,21,6,11,2,9,2,3,0,2,0,133,400,-1,-1,-1,-1,-1,-1,-1,-1,-1,-1
DE MAGALLANES Y DE LA ANTARTICA CHILENA,PUNTA ARENAS,ESCUELA GENERAL MANUEL BULNES,214V,2,15,38,51,3,12,0,0,8,0,1,2,15,9,29,5,28,5,10,2,14,4,3,1,1,0,129,400,-1,-1,-1,-1,-1,-1,-1,-1,-1,-1
DE MAGALLANES Y DE LA ANTARTICA CHILENA,PUNTA ARENAS,ESCUELA GENERAL MANUEL BULNES,215V,6,11,45,51,9,8,1,1,12,2,1,0,7,10,32,4,50,5,14,0,10,1,8,0,2,0,144,400,-1,-1,-1,-1,-1,-1,-1,-1,-1,-1
DE MAGALLANES Y DE LA ANTARTICA CHILENA,PUNTA ARENAS,ESCUELA GENERAL MANUEL BULNES,216V,2,28,61,43,9,13,0,1,16,1,1,2,16,16,38,6,41,6,25,2,16,0,1,2,1,0,173,400,-1,-1,-1,-1,-1,-1,-1,-1,-1,-1
DE MAGALLANES Y DE LA ANTARTICA CHILENA,PUNTA ARENAS,ESCUELA GENERAL MANUEL BULNES,217V,4,24,49,43,11,8,1,1,10,2,4,1,8,10,28,9,39,3,21,2,14,3,8,0,1,0,151,400,-1,-1,-1,-1,-1,-1,-1,-1,-1,-1
DE MAGALLANES Y DE LA ANTARTICA CHILENA,PUNTA ARENAS,ESCUELA GENERAL MANUEL BULNES,218V,3,13,52,48,10,12,1,0,15,1,3,3,13,11,25,4,42,5,22,1,18,3,3,0,1,0,154,400,-1,-1,-1,-1,-1,-1,-1,-1,-1,-1
DE MAGALLANES Y DE LA ANTARTICA CHILENA,PUNTA ARENAS,ESCUELA GENERAL MANUEL BULNES,219V,2,16,55,47,8,5,0,1,12,1,5,5,6,6,24,3,29,5,26,1,27,0,6,0,3,0,146,400,-1,-1,-1,-1,-1,-1,-1,-1,-1,-1
DE MAGALLANES Y DE LA ANTARTICA CHILENA,PUNTA ARENAS,ESCUELA GENERAL MANUEL BULNES,220V,1,22,49,47,19,9,0,3,15,3,2,4,6,7,43,3,36,3,29,2,18,3,3,1,5,0,165,400,-1,-1,-1,-1,-1,-1,-1,-1,-1,-1
DE MAGALLANES Y DE LA ANTARTICA CHILENA,PUNTA ARENAS,ESCUELA HERNANDO DE MAGALLANES,36V,0,19,48,33,21,14,0,1,17,1,0,0,2,4,2,1,2,82,13,2,25,1,13,0,4,0,153,400,-1,-1,-1,-1,-1,-1,-1,-1,-1,-1
DE MAGALLANES Y DE LA ANTARTICA CHILENA,PUNTA ARENAS,ESCUELA HERNANDO DE MAGALLANES,37V,0,22,47,50,16,8,0,2,14,2,1,2,3,5,2,3,0,70,19,0,29,1,18,0,6,0,159,400,-1,-1,-1,-1,-1,-1,-1,-1,-1,-1
DE MAGALLANES Y DE LA ANTARTICA CHILENA,PUNTA ARENAS,ESCUELA HERNANDO DE MAGALLANES,38V,0,17,43,42,17,20,0,1,21,1,0,1,5,9,4,2,1,69,20,3,28,1,14,0,4,0,161,400,-1,-1,-1,-1,-1,-1,-1,-1,-1,-1
DE MAGALLANES Y DE LA ANTARTICA CHILENA,PUNTA ARENAS,ESCUELA HERNANDO DE MAGALLANES,39V,0,16,52,39,22,17,0,0,12,0,0,0,3,3,4,1,1,89,12,2,27,2,10,0,3,0,158,400,-1,-1,-1,-1,-1,-1,-1,-1,-1,-1
DE MAGALLANES Y DE LA ANTARTICA CHILENA,PUNTA ARENAS,ESCUELA HERNANDO DE MAGALLANES,40V,0,32,37,41,16,13,0,1,17,1,0,0,7,4,4,3,1,69,18,0,29,0,17,0,5,0,157,400,-1,-1,-1,-1,-1,-1,-1,-1,-1,-1
DE MAGALLANES Y DE LA ANTARTICA CHILENA,PUNTA ARENAS,ESCUELA HERNANDO DE MAGALLANES,41V,2,21,52,45,23,11,1,2,18,3,1,3,6,5,3,3,2,81,14,1,31,2,19,0,4,0,175,400,-1,-1,-1,-1,-1,-1,-1,-1,-1,-1
DE MAGALLANES Y DE LA ANTARTICA CHILENA,PUNTA ARENAS,ESCUELA HERNANDO DE MAGALLANES,42V,1,17,34,42,17,15,1,1,16,2,0,2,1,4,3,2,3,62,21,1,24,0,15,1,5,0,144,400,-1,-1,-1,-1,-1,-1,-1,-1,-1,-1
DE MAGALLANES Y DE LA ANTARTICA CHILENA,PUNTA ARENAS,ESCUELA HERNANDO DE MAGALLANES,43V,2,19,56,28,15,14,1,1,12,2,3,4,10,3,1,2,5,65,16,0,22,0,12,0,5,0,148,400,-1,-1,-1,-1,-1,-1,-1,-1,-1,-1
DE MAGALLANES Y DE LA ANTARTICA CHILENA,PUNTA ARENAS,ESCUELA HERNANDO DE MAGALLANES,44V,1,17,33,42,28,16,0,1,29,1,1,2,5,3,1,2,3,67,15,4,40,2,14,0,8,0,167,400,-1,-1,-1,-1,-1,-1,-1,-1,-1,-1
DE MAGALLANES Y DE LA ANTARTICA CHILENA,PUNTA ARENAS,ESCUELA HERNANDO DE MAGALLANES,45V,2,12,54,58,9,11,0,3,11,3,1,2,4,6,1,1,4,55,19,4,40,1,14,0,8,0,160,400,-1,-1,-1,-1,-1,-1,-1,-1,-1,-1
DE MAGALLANES Y DE LA ANTARTICA CHILENA,PUNTA ARENAS,ESCUELA HERNANDO DE MAGALLANES,46V,0,20,35,38,24,19,0,2,21,2,0,0,7,4,0,0,1,62,35,1,25,1,18,0,4,0,159,400,-1,-1,-1,-1,-1,-1,-1,-1,-1,-1
DE MAGALLANES Y DE LA ANTARTICA CHILENA,PUNTA ARENAS,ESCUELA HERNANDO DE MAGALLANES,47V,2,13,35,38,18,21,0,2,19,2,0,0,6,3,2,7,7,71,6,8,13,2,16,0,7,0,148,400,-1,-1,-1,-1,-1,-1,-1,-1,-1,-1
DE MAGALLANES Y DE LA ANTARTICA CHILENA,PUNTA ARENAS,ESCUELA HERNANDO DE MAGALLANES,48V,2,11,28,30,3,19,0,2,11,2,1,1,6,7,5,21,2,25,12,7,18,0,8,0,3,0,106,400,-1,-1,-1,-1,-1,-1,-1,-1,-1,-1
DE MAGALLANES Y DE LA ANTARTICA CHILENA,PUNTA ARENAS,ESCUELA HERNANDO DE MAGALLANES,49V,2,19,31,44,19,10,2,1,15,3,0,1,5,4,3,59,3,16,18,4,16,1,11,0,2,0,143,400,-1,-1,-1,-1,-1,-1,-1,-1,-1,-1
DE MAGALLANES Y DE LA ANTARTICA CHILENA,PUNTA ARENAS,ESCUELA HERNANDO DE MAGALLANES,50V,0,18,45,48,18,8,0,3,14,3,0,2,4,5,3,78,2,12,16,2,16,3,9,0,2,0,154,400,-1,-1,-1,-1,-1,-1,-1,-1,-1,-1
DE MAGALLANES Y DE LA ANTARTICA CHILENA,PUNTA ARENAS,ESCUELA JUAN WILLIAMS,81V,3,24,58,49,10,18,0,2,18,2,2,2,5,4,4,88,5,7,23,4,23,1,8,0,5,0,182,400,-1,-1,-1,-1,-1,-1,-1,-1,-1,-1
DE MAGALLANES Y DE LA ANTARTICA CHILENA,PUNTA ARENAS,ESCUELA JUAN WILLIAMS,82V,0,27,56,35,13,13,0,0,10,0,0,0,4,6,2,68,2,2,20,1,29,0,18,0,2,0,154,400,-1,-1,-1,-1,-1,-1,-1,-1,-1,-1
DE MAGALLANES Y DE LA ANTARTICA CHILENA,PUNTA ARENAS,ESCUELA JUAN WILLIAMS,83V,0,27,53,45,20,15,1,1,13,2,2,0,3,3,1,84,5,2,27,1,27,1,15,0,4,0,175,400,-1,-1,-1,-1,-1,-1,-1,-1,-1,-1
DE MAGALLANES Y DE LA ANTARTICA CHILENA,PUNTA ARENAS,ESCUELA JUAN WILLIAMS,84V,0,18,67,31,14,12,0,2,19,2,2,2,4,2,5,62,2,4,27,1,30,1,17,0,4,0,163,400,-1,-1,-1,-1,-1,-1,-1,-1,-1,-1
DE MAGALLANES Y DE LA ANTARTICA CHILENA,PUNTA ARENAS,ESCUELA JUAN WILLIAMS,85V,0,20,42,38,15,11,1,1,13,2,5,0,4,6,5,56,7,5,20,0,18,1,12,0,1,0,141,400,-1,-1,-1,-1,-1,-1,-1,-1,-1,-1
DE MAGALLANES Y DE LA ANTARTICA CHILENA,PUNTA ARENAS,ESCUELA JUAN WILLIAMS,86V,0,33,55,35,17,10,2,2,13,4,0,1,3,7,3,107,4,4,15,0,12,1,9,0,1,0,167,400,-1,-1,-1,-1,-1,-1,-1,-1,-1,-1
DE MAGALLANES Y DE LA ANTARTICA CHILENA,PUNTA ARENAS,ESCUELA JUAN WILLIAMS,87V,0,36,49,27,17,14,0,1,12,1,0,0,1,3,4,88,1,2,24,0,18,1,11,0,3,0,156,400,-1,-1,-1,-1,-1,-1,-1,-1,-1,-1
DE MAGALLANES Y DE LA ANTARTICA CHILENA,PUNTA ARENAS,ESCUELA JUAN WILLIAMS,88V,2,28,42,36,14,10,2,1,5,3,0,1,2,9,5,61,3,3,29,0,13,1,11,0,2,0,140,400,-1,-1,-1,-1,-1,-1,-1,-1,-1,-1
DE MAGALLANES Y DE LA ANTARTICA CHILENA,PUNTA ARENAS,ESCUELA JUAN WILLIAMS,89V,1,19,57,38,14,10,0,2,9,2,4,2,7,9,1,52,3,4,25,2,25,2,10,0,4,0,150,400,-1,-1,-1,-1,-1,-1,-1,-1,-1,-1
DE MAGALLANES Y DE LA ANTARTICA CHILENA,PUNTA ARENAS,ESCUELA JUAN WILLIAMS,90V,2,24,52,31,15,13,1,1,14,2,1,2,2,49,6,22,2,2,23,4,25,0,11,2,2,0,153,400,-1,-1,-1,-1,-1,-1,-1,-1,-1,-1
DE MAGALLANES Y DE LA ANTARTICA CHILENA,PUNTA ARENAS,ESCUELA PADRE ALBERTO HURTADO,189V,2,18,36,59,7,7,1,2,10,3,3,4,12,16,7,7,41,8,15,0,19,2,6,0,2,0,142,400,-1,-1,-1,-1,-1,-1,-1,-1,-1,-1
DE MAGALLANES Y DE LA ANTARTICA CHILENA,PUNTA ARENAS,ESCUELA PADRE ALBERTO HURTADO,190V,1,17,42,39,7,6,0,1,6,1,5,4,16,14,6,7,29,5,18,3,7,0,2,2,1,0,119,400,-1,-1,-1,-1,-1,-1,-1,-1,-1,-1
DE MAGALLANES Y DE LA ANTARTICA CHILENA,PUNTA ARENAS,ESCUELA PADRE ALBERTO HURTADO,191V,2,18,26,34,15,7,0,2,7,2,3,6,20,16,8,10,21,2,5,4,10,2,3,0,0,0,111,400,-1,-1,-1,-1,-1,-1,-1,-1,-1,-1
DE MAGALLANES Y DE LA ANTARTICA CHILENA,PUNTA ARENAS,ESCUELA PADRE ALBERTO HURTADO,192V,1,19,40,55,10,14,1,1,10,2,5,8,14,19,32,30,23,2,9,4,2,3,1,0,0,0,151,400,-1,-1,-1,-1,-1,-1,-1,-1,-1,-1
DE MAGALLANES Y DE LA ANTARTICA CHILENA,PUNTA ARENAS,ESCUELA PADRE ALBERTO HURTADO,193V,1,12,28,32,10,11,0,1,4,1,2,0,20,20,5,11,21,5,6,2,1,1,3,0,2,0,99,400,-1,-1,-1,-1,-1,-1,-1,-1,-1,-1
DE MAGALLANES Y DE LA ANTARTICA CHILENA,PUNTA ARENAS,ESCUELA PADRE ALBERTO HURTADO,194V,0,15,38,38,5,13,0,0,7,0,7,4,13,17,10,5,29,5,7,2,12,4,0,1,0,0,116,400,-1,-1,-1,-1,-1,-1,-1,-1,-1,-1
DE MAGALLANES Y DE LA ANTARTICA CHILENA,PUNTA ARENAS,ESCUELA PADRE ALBERTO HURTADO,195V,1,23,44,48,17,10,0,1,14,1,4,5,19,22,12,3,41,2,27,3,17,0,2,1,0,0,158,400,-1,-1,-1,-1,-1,-1,-1,-1,-1,-1
DE MAGALLANES Y DE LA ANTARTICA CHILENA,PUNTA ARENAS,ESCUELA PADRE ALBERTO HURTADO,196V,0,15,53,60,14,16,0,2,12,2,1,5,8,17,12,6,62,6,23,5,18,0,6,2,1,0,172,400,-1,-1,-1,-1,-1,-1,-1,-1,-1,-1
DE MAGALLANES Y DE LA ANTARTICA CHILENA,PUNTA ARENAS,ESCUELA PADRE ALBERTO HURTADO,197V,0,12,30,33,8,8,0,1,9,1,5,1,4,22,13,9,20,8,6,3,6,1,2,1,0,0,101,400,-1,-1,-1,-1,-1,-1,-1,-1,-1,-1
DE MAGALLANES Y DE LA ANTARTICA CHILENA,PUNTA ARENAS,ESCUELA PADRE ALBERTO HURTADO,198V,4,13,24,36,15,5,1,0,6,1,4,4,16,17,9,8,21,4,9,1,9,0,2,0,0,0,104,400,-1,-1,-1,-1,-1,-1,-1,-1,-1,-1
DE MAGALLANES Y DE LA ANTARTICA CHILENA,PUNTA ARENAS,ESCUELA PADRE ALBERTO HURTADO,199V,6,13,46,27,15,10,0,4,7,4,1,2,17,25,14,4,20,7,15,4,13,1,5,0,0,0,128,400,-1,-1,-1,-1,-1,-1,-1,-1,-1,-1
DE MAGALLANES Y DE LA ANTARTICA CHILENA,PUNTA ARENAS,ESCUELA PADRE ALBERTO HURTADO,200V,1,17,42,28,5,11,0,0,6,0,5,5,22,18,10,9,11,9,6,7,1,2,3,0,1,0,110,400,-1,-1,-1,-1,-1,-1,-1,-1,-1,-1
DE MAGALLANES Y DE LA ANTARTICA CHILENA,PUNTA ARENAS,ESCUELA PADRE ALBERTO HURTADO,201V,1,16,43,47,5,10,0,0,6,0,3,6,15,16,20,8,25,7,10,0,11,4,1,0,0,1,128,400,-1,-1,-1,-1,-1,-1,-1,-1,-1,-1
DE MAGALLANES Y DE LA ANTARTICA CHILENA,PUNTA ARENAS,ESCUELA PADRE ALBERTO HURTADO,202V,0,19,30,49,9,9,0,0,4,0,1,3,13,15,22,11,35,3,5,4,5,0,3,0,0,0,120,400,-1,-1,-1,-1,-1,-1,-1,-1,-1,-1
DE MAGALLANES Y DE LA ANTARTICA CHILENA,PUNTA ARENAS,ESCUELA PADRE ALBERTO HURTADO,203V,1,16,27,39,5,3,0,0,4,0,5,3,15,10,8,1,29,6,3,6,5,1,2,0,0,0,95,400,-1,-1,-1,-1,-1,-1,-1,-1,-1,-1
DE MAGALLANES Y DE LA ANTARTICA CHILENA,PUNTA ARENAS,ESCUELA PADRE ALBERTO HURTADO,204V,2,15,31,34,8,5,1,0,8,1,2,2,8,12,11,13,16,6,9,2,14,3,2,2,2,0,104,400,-1,-1,-1,-1,-1,-1,-1,-1,-1,-1
DE MAGALLANES Y DE LA ANTARTICA CHILENA,PUNTA ARENAS,ESCUELA PARTICULAR LA MILAGROSA,231V,1,25,39,51,12,11,0,1,20,1,5,1,9,7,67,6,33,4,10,3,8,1,5,1,0,0,160,400,-1,-1,-1,-1,-1,-1,-1,-1,-1,-1
DE MAGALLANES Y DE LA ANTARTICA CHILENA,PUNTA ARENAS,ESCUELA PARTICULAR LA MILAGROSA,232V,1,23,53,52,5,13,0,1,15,1,2,4,11,10,47,1,43,6,13,1,18,1,5,0,1,0,163,400,-1,-1,-1,-1,-1,-1,-1,-1,-1,-1
DE MAGALLANES Y DE LA ANTARTICA CHILENA,PUNTA ARENAS,ESCUELA PARTICULAR LA MILAGROSA,233V,1,27,44,63,16,11,0,2,13,2,4,1,10,8,47,8,50,5,22,3,14,0,4,0,1,0,177,400,-1,-1,-1,-1,-1,-1,-1,-1,-1,-1
DE MAGALLANES Y DE LA ANTARTICA CHILENA,PUNTA ARENAS,ESCUELA PARTICULAR LA MILAGROSA,234V,3,21,58,61,6,19,0,3,10,3,4,1,7,7,58,5,48,1,23,3,15,3,4,1,1,0,181,400,-1,-1,-1,-1,-1,-1,-1,-1,-1,-1
DE MAGALLANES Y DE LA ANTARTICA CHILENA,PUNTA ARENAS,ESCUELA PARTICULAR LA MILAGROSA,235V,1,23,46,59,7,12,1,2,14,3,3,3,13,6,50,5,42,4,25,2,8,1,1,0,2,0,165,400,-1,-1,-1,-1,-1,-1,-1,-1,-1,-1
DE MAGALLANES Y DE LA ANTARTICA CHILENA,PUNTA ARENAS,ESCUELA PARTICULAR LA MILAGROSA,236V,1,14,43,27,7,4,0,1,13,1,4,3,17,12,19,4,17,5,11,3,6,4,3,2,0,0,110,400,-1,-1,-1,-1,-1,-1,-1,-1,-1,-1
DE MAGALLANES Y DE LA ANTARTICA CHILENA,PUNTA ARENAS,ESCUELA PARTICULAR LA MILAGROSA,237,2,49,42,18,10,5,0,1,4,1,0,1,114,5,1,3,2,2,0,2,1,0,0,0,0,0,131,400,-1,-1,-1,-1,-1,-1,-1,-1,-1,-1
DE MAGALLANES Y DE LA ANTARTICA CHILENA,PUNTA ARENAS,ESCUELA PARTICULAR LA MILAGROSA,238,4,25,47,28,8,9,0,4,3,4,2,1,105,5,4,4,2,1,2,1,1,0,0,0,0,0,128,400,-1,-1,-1,-1,-1,-1,-1,-1,-1,-1
DE MAGALLANES Y DE LA ANTARTICA CHILENA,PUNTA ARENAS,ESCUELA PARTICULAR LA MILAGROSA,239,2,30,40,21,5,10,0,1,9,1,1,5,89,4,5,2,2,2,3,2,2,1,0,0,0,0,118,400,-1,-1,-1,-1,-1,-1,-1,-1,-1,-1
DE MAGALLANES Y DE LA ANTARTICA CHILENA,PUNTA ARENAS,ESCUELA PARTICULAR LA MILAGROSA,240,1,24,22,20,2,9,0,0,4,0,3,2,45,8,10,4,2,3,3,1,0,1,0,0,0,0,82,400,-1,-1,-1,-1,-1,-1,-1,-1,-1,-1
DE MAGALLANES Y DE LA ANTARTICA CHILENA,PUNTA ARENAS,ESCUELA PARTICULAR LA MILAGROSA,241,3,10,43,28,6,9,1,1,4,2,6,3,18,23,16,15,8,7,5,2,0,0,1,0,1,0,105,400,-1,-1,-1,-1,-1,-1,-1,-1,-1,-1
DE MAGALLANES Y DE LA ANTARTICA CHILENA,PUNTA ARENAS,ESCUELA PARTICULAR LA MILAGROSA,242,4,7,27,40,8,2,0,0,6,0,3,1,11,3,11,10,13,8,12,8,3,6,2,3,1,0,94,400,-1,-1,-1,-1,-1,-1,-1,-1,-1,-1
DE MAGALLANES Y DE LA ANTARTICA CHILENA,PUNTA ARENAS,ESCUELA PATAGONIA,174V,2,14,43,50,16,9,0,1,8,1,1,3,8,11,8,17,56,3,14,4,9,2,4,1,2,0,143,400,-1,-1,-1,-1,-1,-1,-1,-1,-1,-1
DE MAGALLANES Y DE LA ANTARTICA CHILENA,PUNTA ARENAS,ESCUELA PATAGONIA,175V,3,13,41,31,9,9,0,0,10,0,4,6,16,16,9,9,17,2,14,2,13,3,3,0,1,1,116,400,-1,-1,-1,-1,-1,-1,-1,-1,-1,-1
DE MAGALLANES Y DE LA ANTARTICA CHILENA,PUNTA ARENAS,ESCUELA PATAGONIA,176V,1,18,37,49,11,10,0,2,10,2,2,6,16,15,3,9,41,5,8,4,16,6,6,1,0,0,138,400,-1,-1,-1,-1,-1,-1,-1,-1,-1,-1
DE MAGALLANES Y DE LA ANTARTICA CHILENA,PUNTA ARENAS,ESCUELA PATAGONIA,177V,1,23,49,74,16,11,1,0,14,1,2,3,16,21,33,12,40,17,15,12,12,3,3,0,0,0,189,400,-1,-1,-1,-1,-1,-1,-1,-1,-1,-1
DE MAGALLANES Y DE LA ANTARTICA CHILENA,PUNTA ARENAS,ESCUELA PATAGONIA,178V,0,15,35,40,7,7,3,0,6,3,4,5,17,15,5,5,25,9,11,3,6,0,6,2,0,0,113,400,-1,-1,-1,-1,-1,-1,-1,-1,-1,-1
DE MAGALLANES Y DE LA ANTARTICA CHILENA,PUNTA ARENAS,ESCUELA PATAGONIA,179V,2,16,31,43,6,4,0,0,5,0,6,3,18,14,7,10,25,4,6,6,7,0,1,0,0,0,107,400,-1,-1,-1,-1,-1,-1,-1,-1,-1,-1
DE MAGALLANES Y DE LA ANTARTICA CHILENA,PUNTA ARENAS,ESCUELA PATAGONIA,180V,1,10,32,27,11,6,0,1,8,1,2,6,23,20,11,8,13,2,5,3,1,1,1,0,1,0,96,400,-1,-1,-1,-1,-1,-1,-1,-1,-1,-1
DE MAGALLANES Y DE LA ANTARTICA CHILENA,PUNTA ARENAS,ESCUELA PATAGONIA,181V,1,18,25,20,11,5,0,0,13,0,3,7,15,18,12,5,17,6,3,1,2,2,2,0,0,0,93,400,-1,-1,-1,-1,-1,-1,-1,-1,-1,-1
DE MAGALLANES Y DE LA ANTARTICA CHILENA,PUNTA ARENAS,ESCUELA PATAGONIA,182V,1,19,25,39,9,9,0,1,5,1,4,3,18,13,7,7,20,6,11,4,11,1,1,0,2,0,108,400,-1,-1,-1,-1,-1,-1,-1,-1,-1,-1
DE MAGALLANES Y DE LA ANTARTICA CHILENA,PUNTA ARENAS,ESCUELA PATAGONIA,183V,0,12,36,37,15,9,2,2,18,4,3,1,6,18,9,6,41,4,21,2,12,0,6,1,0,0,131,400,-1,-1,-1,-1,-1,-1,-1,-1,-1,-1
DE MAGALLANES Y DE LA ANTARTICA CHILENA,PUNTA ARENAS,ESCUELA PATAGONIA,184V,2,11,24,32,8,5,2,1,16,3,4,3,18,17,5,3,18,6,10,4,9,3,1,0,0,0,101,400,-1,-1,-1,-1,-1,-1,-1,-1,-1,-1
DE MAGALLANES Y DE LA ANTARTICA CHILENA,PUNTA ARENAS,ESCUELA PATAGONIA,185V,2,13,49,30,8,14,0,0,9,0,3,4,15,12,7,11,30,9,18,0,9,2,5,0,0,0,125,400,-1,-1,-1,-1,-1,-1,-1,-1,-1,-1
DE MAGALLANES Y DE LA ANTARTICA CHILENA,PUNTA ARENAS,ESCUELA PATAGONIA,186V,2,23,34,39,7,13,1,2,8,3,9,2,9,18,8,10,38,5,13,2,12,1,2,0,0,0,129,400,-1,-1,-1,-1,-1,-1,-1,-1,-1,-1
DE MAGALLANES Y DE LA ANTARTICA CHILENA,PUNTA ARENAS,ESCUELA PATAGONIA,187V,1,17,38,38,7,7,0,1,5,1,3,2,15,22,5,7,26,5,9,3,13,3,0,1,0,0,114,400,-1,-1,-1,-1,-1,-1,-1,-1,-1,-1
DE MAGALLANES Y DE LA ANTARTICA CHILENA,PUNTA ARENAS,ESCUELA PATAGONIA,188V,1,12,36,19,5,7,0,1,7,1,4,4,12,16,4,7,8,9,10,1,5,5,0,3,0,0,88,400,-1,-1,-1,-1,-1,-1,-1,-1,-1,-1
DE MAGALLANES Y DE LA ANTARTICA CHILENA,PUNTA ARENAS,ESCUELA PEDRO PABLO LEMAITRE,84M,1,19,49,33,20,11,0,0,8,0,1,0,1,4,40,4,0,1,0,29,0,40,0,18,0,3,141,400,-1,-1,-1,-1,-1,-1,-1,-1,-1,-1
DE MAGALLANES Y DE LA ANTARTICA CHILENA,PUNTA ARENAS,ESCUELA PEDRO PABLO LEMAITRE,85M,1,22,47,40,17,13,0,1,15,1,1,0,4,3,50,3,0,2,0,42,0,32,0,14,1,4,156,400,-1,-1,-1,-1,-1,-1,-1,-1,-1,-1
DE MAGALLANES Y DE LA ANTARTICA CHILENA,PUNTA ARENAS,ESCUELA PEDRO PABLO LEMAITRE,86M,1,16,55,32,20,7,1,0,19,1,3,3,2,10,26,5,0,1,2,47,1,29,0,16,0,7,151,400,-1,-1,-1,-1,-1,-1,-1,-1,-1,-1
DE MAGALLANES Y DE LA ANTARTICA CHILENA,PUNTA ARENAS,ESCUELA PEDRO PABLO LEMAITRE,87M,0,20,48,32,13,14,0,2,7,2,0,1,6,2,29,1,0,1,1,47,0,31,0,13,0,4,136,400,-1,-1,-1,-1,-1,-1,-1,-1,-1,-1
DE MAGALLANES Y DE LA ANTARTICA CHILENA,PUNTA ARENAS,ESCUELA PEDRO PABLO LEMAITRE,88M,1,22,49,37,8,21,1,1,14,2,0,0,6,4,36,1,3,1,1,39,1,40,1,17,0,4,154,400,-1,-1,-1,-1,-1,-1,-1,-1,-1,-1
DE MAGALLANES Y DE LA ANTARTICA CHILENA,PUNTA ARENAS,ESCUELA PEDRO PABLO LEMAITRE,89M,1,25,28,38,15,10,0,1,13,1,1,1,0,8,29,1,3,3,2,40,0,29,0,9,0,5,131,400,-1,-1,-1,-1,-1,-1,-1,-1,-1,-1
DE MAGALLANES Y DE LA ANTARTICA CHILENA,PUNTA ARENAS,ESCUELA PEDRO PABLO LEMAITRE,90M,1,20,40,33,17,9,0,1,17,1,1,1,6,2,25,0,1,3,1,41,0,38,0,13,0,6,138,400,-1,-1,-1,-1,-1,-1,-1,-1,-1,-1
DE MAGALLANES Y DE LA ANTARTICA CHILENA,PUNTA ARENAS,ESCUELA PEDRO PABLO LEMAITRE,91M,1,38,38,33,17,8,0,1,9,1,4,1,2,3,43,1,2,2,0,39,0,27,0,13,0,8,145,400,-1,-1,-1,-1,-1,-1,-1,-1,-1,-1
DE MAGALLANES Y DE LA ANTARTICA CHILENA,PUNTA ARENAS,ESCUELA PEDRO PABLO LEMAITRE,92M,0,18,48,29,16,10,1,0,14,1,3,0,1,2,40,2,2,3,3,32,1,35,0,10,0,2,136,400,-1,-1,-1,-1,-1,-1,-1,-1,-1,-1
DE MAGALLANES Y DE LA ANTARTICA CHILENA,PUNTA ARENAS,ESCUELA PEDRO PABLO LEMAITRE,93M,3,22,47,36,14,11,0,1,17,1,2,4,4,3,44,1,1,2,1,35,0,33,0,19,1,1,151,400,-1,-1,-1,-1,-1,-1,-1,-1,-1,-1
DE MAGALLANES Y DE LA ANTARTICA CHILENA,PUNTA ARENAS,ESCUELA PEDRO PABLO LEMAITRE,94M,4,21,43,41,19,14,0,0,15,0,0,1,7,4,45,5,3,4,0,42,1,26,0,14,0,5,157,400,-1,-1,-1,-1,-1,-1,-1,-1,-1,-1
DE MAGALLANES Y DE LA ANTARTICA CHILENA,PUNTA ARENAS,ESCUELA PEDRO PABLO LEMAITRE,95M,1,17,45,39,12,14,0,1,4,1,1,3,6,3,39,5,2,1,4,33,2,21,0,9,0,4,133,400,-1,-1,-1,-1,-1,-1,-1,-1,-1,-1
DE MAGALLANES Y DE LA ANTARTICA CHILENA,PUNTA ARENAS,ESCUELA PORTUGAL,51V,0,26,51,53,11,10,1,5,7,6,1,0,4,2,2,66,3,1,26,0,41,4,12,0,3,0,164,400,-1,-1,-1,-1,-1,-1,-1,-1,-1,-1
DE MAGALLANES Y DE LA ANTARTICA CHILENA,PUNTA ARENAS,ESCUELA PORTUGAL,52V,0,19,37,45,18,16,0,0,11,0,0,1,2,2,2,70,1,2,16,0,34,2,10,0,4,0,146,400,-1,-1,-1,-1,-1,-1,-1,-1,-1,-1
DE MAGALLANES Y DE LA ANTARTICA CHILENA,PUNTA ARENAS,ESCUELA PORTUGAL,53V,0,16,55,31,14,17,1,0,26,1,4,3,3,4,2,76,3,3,21,5,19,0,12,0,5,0,160,400,-1,-1,-1,-1,-1,-1,-1,-1,-1,-1
DE MAGALLANES Y DE LA ANTARTICA CHILENA,PUNTA ARENAS,ESCUELA PORTUGAL,54V,1,17,45,38,8,9,1,1,19,2,0,3,7,5,1,43,1,11,19,4,23,2,19,0,1,0,139,400,-1,-1,-1,-1,-1,-1,-1,-1,-1,-1
DE MAGALLANES Y DE LA ANTARTICA CHILENA,PUNTA ARENAS,ESCUELA PORTUGAL,55V,4,20,59,45,17,13,2,1,22,3,0,3,1,1,2,71,2,7,28,1,40,1,19,0,7,0,183,400,-1,-1,-1,-1,-1,-1,-1,-1,-1,-1
DE MAGALLANES Y DE LA ANTARTICA CHILENA,PUNTA ARENAS,ESCUELA PORTUGAL,56V,0,19,39,34,15,14,0,1,17,1,0,0,0,2,1,46,1,2,29,5,35,1,14,0,2,0,139,400,-1,-1,-1,-1,-1,-1,-1,-1,-1,-1
DE MAGALLANES Y DE LA ANTARTICA CHILENA,PUNTA ARENAS,ESCUELA PORTUGAL,57V,3,21,45,41,24,12,0,1,15,1,0,0,5,4,1,82,2,2,24,1,25,2,11,1,2,0,162,400,-1,-1,-1,-1,-1,-1,-1,-1,-1,-1
DE MAGALLANES Y DE LA ANTARTICA CHILENA,PUNTA ARENAS,ESCUELA PORTUGAL,58V,1,24,51,32,19,15,0,2,16,2,1,0,2,4,1,77,2,0,23,1,27,0,18,0,4,0,160,400,-1,-1,-1,-1,-1,-1,-1,-1,-1,-1
DE MAGALLANES Y DE LA ANTARTICA CHILENA,PUNTA ARENAS,ESCUELA PORTUGAL,59V,2,25,49,39,22,11,0,0,10,0,2,3,5,3,8,54,3,4,24,3,27,1,13,0,8,0,158,400,-1,-1,-1,-1,-1,-1,-1,-1,-1,-1
DE MAGALLANES Y DE LA ANTARTICA CHILENA,PUNTA ARENAS,ESCUELA PORTUGAL,60V,1,17,42,38,12,12,0,0,18,0,2,1,4,5,5,40,0,4,29,2,30,1,12,0,5,0,140,400,-1,-1,-1,-1,-1,-1,-1,-1,-1,-1
DE MAGALLANES Y DE LA ANTARTICA CHILENA,PUNTA ARENAS,ESCUELA PORTUGAL,61V,0,15,46,39,13,11,0,0,20,0,1,0,3,7,1,45,6,3,26,2,31,2,17,0,0,0,144,400,-1,-1,-1,-1,-1,-1,-1,-1,-1,-1
DE MAGALLANES Y DE LA ANTARTICA CHILENA,PUNTA ARENAS,ESCUELA PORTUGAL,62V,0,22,54,40,18,9,0,3,13,3,1,1,6,3,1,71,7,3,24,3,27,0,9,0,3,0,159,400,-1,-1,-1,-1,-1,-1,-1,-1,-1,-1
DE MAGALLANES Y DE LA ANTARTICA CHILENA,PUNTA ARENAS,ESCUELA PORTUGAL,63V,0,19,43,37,18,16,1,1,20,2,0,1,6,5,3,65,4,1,25,2,29,0,11,0,2,0,155,400,-1,-1,-1,-1,-1,-1,-1,-1,-1,-1
DE MAGALLANES Y DE LA ANTARTICA CHILENA,PUNTA ARENAS,ESCUELA PORTUGAL,64V,3,24,51,33,17,12,0,1,19,1,1,0,5,3,4,63,2,6,25,3,32,1,13,0,2,0,160,400,-1,-1,-1,-1,-1,-1,-1,-1,-1,-1
DE MAGALLANES Y DE LA ANTARTICA CHILENA,PUNTA ARENAS,ESCUELA PORTUGAL,65V,1,24,48,34,17,15,2,2,20,4,1,1,6,2,0,68,4,5,23,1,32,0,14,0,6,0,163,400,-1,-1,-1,-1,-1,-1,-1,-1,-1,-1
DE MAGALLANES Y DE LA ANTARTICA CHILENA,PUNTA ARENAS,ESCUELA REPUBLICA ARGENTINA,106V,2,28,72,40,11,16,0,3,18,3,2,2,4,82,10,16,7,3,27,1,22,2,10,0,2,0,190,400,-1,-1,-1,-1,-1,-1,-1,-1,-1,-1
DE MAGALLANES Y DE LA ANTARTICA CHILENA,PUNTA ARENAS,ESCUELA REPUBLICA ARGENTINA,107V,1,17,55,36,23,12,1,0,16,1,2,3,5,51,3,3,1,3,35,0,35,2,14,0,4,0,161,400,-1,-1,-1,-1,-1,-1,-1,-1,-1,-1
DE MAGALLANES Y DE LA ANTARTICA CHILENA,PUNTA ARENAS,ESCUELA REPUBLICA ARGENTINA,108V,1,25,67,31,10,16,0,1,12,1,0,1,8,66,5,4,1,3,21,1,40,0,11,0,3,0,163,400,-1,-1,-1,-1,-1,-1,-1,-1,-1,-1
DE MAGALLANES Y DE LA ANTARTICA CHILENA,PUNTA ARENAS,ESCUELA REPUBLICA ARGENTINA,109V,1,27,53,34,17,7,1,1,16,2,2,1,5,67,1,9,2,3,24,0,28,0,12,0,3,0,157,400,-1,-1,-1,-1,-1,-1,-1,-1,-1,-1
DE MAGALLANES Y DE LA ANTARTICA CHILENA,PUNTA ARENAS,ESCUELA REPUBLICA ARGENTINA,110V,1,8,37,25,11,9,0,2,10,2,0,3,6,12,0,9,3,2,20,2,30,1,14,0,1,0,103,400,-1,-1,-1,-1,-1,-1,-1,-1,-1,-1
DE MAGALLANES Y DE LA ANTARTICA CHILENA,PUNTA ARENAS,ESCUELA REPUBLICA ARGENTINA,111V,2,11,32,28,7,8,0,1,8,1,0,3,1,7,3,2,2,1,32,3,24,0,15,0,3,1,97,400,-1,-1,-1,-1,-1,-1,-1,-1,-1,-1
DE MAGALLANES Y DE LA ANTARTICA CHILENA,PUNTA ARENAS,ESCUELA REPUBLICA ARGENTINA,112V,2,6,39,30,4,4,0,2,15,2,1,0,6,4,4,1,6,5,27,2,28,2,13,1,2,0,102,400,-1,-1,-1,-1,-1,-1,-1,-1,-1,-1
DE MAGALLANES Y DE LA ANTARTICA CHILENA,PUNTA ARENAS,ESCUELA REPUBLICA ARGENTINA,113V,4,15,50,41,17,15,1,0,17,1,3,6,13,4,22,13,5,7,30,1,39,2,10,2,3,0,160,400,-1,-1,-1,-1,-1,-1,-1,-1,-1,-1
DE MAGALLANES Y DE LA ANTARTICA CHILENA,PUNTA ARENAS,ESCUELA REPUBLICA ARGENTINA,114V,5,14,49,45,11,11,0,6,18,6,1,2,8,13,8,4,18,22,36,3,29,1,14,0,0,0,159,400,-1,-1,-1,-1,-1,-1,-1,-1,-1,-1
DE MAGALLANES Y DE LA ANTARTICA CHILENA,PUNTA ARENAS,ESCUELA REPUBLICA ARGENTINA,115V,2,21,52,39,13,15,0,1,24,1,1,3,9,9,24,20,15,13,25,0,33,1,12,1,1,0,167,400,-1,-1,-1,-1,-1,-1,-1,-1,-1,-1
DE MAGALLANES Y DE LA ANTARTICA CHILENA,PUNTA ARENAS,ESCUELA REPUBLICA ARGENTINA,116V,3,18,57,39,15,9,0,0,17,0,1,2,4,2,31,36,2,3,32,1,28,0,11,2,3,0,158,400,-1,-1,-1,-1,-1,-1,-1,-1,-1,-1
DE MAGALLANES Y DE LA ANTARTICA CHILENA,PUNTA ARENAS,ESCUELA REPUBLICA ARGENTINA,117V,2,21,54,50,13,8,1,0,10,1,2,3,12,17,22,16,2,3,29,1,30,2,14,0,6,0,159,400,-1,-1,-1,-1,-1,-1,-1,-1,-1,-1
DE MAGALLANES Y DE LA ANTARTICA CHILENA,PUNTA ARENAS,ESCUELA REPUBLICA ARGENTINA,118V,1,15,37,38,15,11,0,0,15,0,3,2,16,9,6,0,10,8,31,2,27,2,10,0,6,0,132,400,-1,-1,-1,-1,-1,-1,-1,-1,-1,-1
DE MAGALLANES Y DE LA ANTARTICA CHILENA,PUNTA ARENAS,ESCUELA REPUBLICA ARGENTINA,119V,3,14,47,30,12,9,0,0,13,0,1,0,7,3,14,12,11,8,25,2,34,1,8,0,2,0,128,400,-1,-1,-1,-1,-1,-1,-1,-1,-1,-1
DE MAGALLANES Y DE LA ANTARTICA CHILENA,PUNTA ARENAS,ESCUELA REPUBLICA ARGENTINA,120V,1,15,57,28,12,6,1,0,14,1,0,2,2,2,15,16,11,3,29,2,33,2,11,0,5,1,134,400,-1,-1,-1,-1,-1,-1,-1,-1,-1,-1
DE MAGALLANES Y DE LA ANTARTICA CHILENA,PUNTA ARENAS,ESCUELA VILLA LAS NIEVES,136M,2,26,51,40,13,14,3,1,10,4,2,2,40,3,3,16,2,42,0,24,2,20,0,4,0,0,160,400,-1,-1,-1,-1,-1,-1,-1,-1,-1,-1
DE MAGALLANES Y DE LA ANTARTICA CHILENA,PUNTA ARENAS,ESCUELA VILLA LAS NIEVES,137M,2,27,43,43,12,21,0,2,12,2,0,1,36,4,5,20,2,36,0,32,2,19,1,3,0,1,162,400,-1,-1,-1,-1,-1,-1,-1,-1,-1,-1
DE MAGALLANES Y DE LA ANTARTICA CHILENA,PUNTA ARENAS,ESCUELA VILLA LAS NIEVES,138M,3,30,55,34,19,18,1,0,14,1,1,2,38,2,1,41,1,42,1,19,1,21,0,3,0,1,174,400,-1,-1,-1,-1,-1,-1,-1,-1,-1,-1
DE MAGALLANES Y DE LA ANTARTICA CHILENA,PUNTA ARENAS,ESCUELA VILLA LAS NIEVES,139M,1,20,57,54,10,19,1,1,14,2,0,2,27,7,0,29,4,56,1,24,0,17,0,4,2,3,177,400,-1,-1,-1,-1,-1,-1,-1,-1,-1,-1
DE MAGALLANES Y DE LA ANTARTICA CHILENA,PUNTA ARENAS,ESCUELA VILLA LAS NIEVES,140M,0,18,59,47,10,14,0,0,14,0,2,1,36,3,5,25,3,35,1,23,0,12,2,9,1,4,162,400,-1,-1,-1,-1,-1,-1,-1,-1,-1,-1
DE MAGALLANES Y DE LA ANTARTICA CHILENA,PUNTA ARENAS,ESCUELA VILLA LAS NIEVES,141M,2,18,43,48,14,13,0,1,12,1,2,3,27,7,4,26,3,39,0,21,0,12,1,5,0,1,151,400,-1,-1,-1,-1,-1,-1,-1,-1,-1,-1
DE MAGALLANES Y DE LA ANTARTICA CHILENA,PUNTA ARENAS,ESCUELA VILLA LAS NIEVES,142M,2,14,96,47,16,15,1,5,18,6,1,2,26,4,3,65,3,47,2,30,0,19,2,7,0,3,214,400,-1,-1,-1,-1,-1,-1,-1,-1,-1,-1
DE MAGALLANES Y DE LA ANTARTICA CHILENA,PUNTA ARENAS,ESCUELA VILLA LAS NIEVES,143M,4,17,77,43,12,16,0,1,7,1,2,4,24,3,5,49,3,33,2,23,3,18,2,4,0,3,177,400,-1,-1,-1,-1,-1,-1,-1,-1,-1,-1
DE MAGALLANES Y DE LA ANTARTICA CHILENA,PUNTA ARENAS,ESCUELA VILLA LAS NIEVES,144M,2,11,53,45,17,15,0,1,13,1,0,1,14,7,2,30,1,44,0,31,1,15,0,8,0,3,157,400,-1,-1,-1,-1,-1,-1,-1,-1,-1,-1
DE MAGALLANES Y DE LA ANTARTICA CHILENA,PUNTA ARENAS,ESCUELA VILLA LAS NIEVES,145M,0,9,62,42,21,15,1,1,13,2,2,3,6,5,3,37,5,50,4,29,0,11,1,5,0,3,164,400,-1,-1,-1,-1,-1,-1,-1,-1,-1,-1
DE MAGALLANES Y DE LA ANTARTICA CHILENA,PUNTA ARENAS,ESCUELA VILLA LAS NIEVES,146M,2,18,50,36,19,22,1,0,17,1,3,2,8,3,1,49,7,34,0,25,1,23,1,5,0,3,165,400,-1,-1,-1,-1,-1,-1,-1,-1,-1,-1
DE MAGALLANES Y DE LA ANTARTICA CHILENA,PUNTA ARENAS,ESCUELA VILLA LAS NIEVES,147M,0,21,53,66,12,15,0,3,28,3,2,2,19,6,5,29,6,52,6,38,4,19,1,9,0,0,198,400,-1,-1,-1,-1,-1,-1,-1,-1,-1,-1
DE MAGALLANES Y DE LA ANTARTICA CHILENA,PUNTA ARENAS,GIMNASIO FISCAL,159V,2,20,48,44,14,12,2,2,5,4,3,2,14,9,5,6,63,3,13,1,17,3,6,2,2,0,149,400,-1,-1,-1,-1,-1,-1,-1,-1,-1,-1
DE MAGALLANES Y DE LA ANTARTICA CHILENA,PUNTA ARENAS,GIMNASIO FISCAL,160V,1,15,57,35,13,8,1,2,17,3,2,3,11,16,9,6,50,8,19,2,17,1,4,0,1,0,149,400,-1,-1,-1,-1,-1,-1,-1,-1,-1,-1
DE MAGALLANES Y DE LA ANTARTICA CHILENA,PUNTA ARENAS,GIMNASIO FISCAL,161V,1,17,45,45,10,8,1,1,10,2,2,1,11,16,5,7,46,5,14,2,18,2,5,1,3,0,138,400,-1,-1,-1,-1,-1,-1,-1,-1,-1,-1
DE MAGALLANES Y DE LA ANTARTICA CHILENA,PUNTA ARENAS,GIMNASIO FISCAL,162V,3,17,33,36,6,4,1,1,5,2,4,4,15,22,12,8,14,6,11,2,2,3,2,1,0,0,106,400,-1,-1,-1,-1,-1,-1,-1,-1,-1,-1
DE MAGALLANES Y DE LA ANTARTICA CHILENA,PUNTA ARENAS,GIMNASIO FISCAL,163V,2,16,32,30,16,13,0,2,4,2,1,4,21,19,6,5,23,5,11,5,9,2,3,0,0,1,115,400,-1,-1,-1,-1,-1,-1,-1,-1,-1,-1
DE MAGALLANES Y DE LA ANTARTICA CHILENA,PUNTA ARENAS,GIMNASIO FISCAL,164V,1,22,54,70,13,13,0,1,9,1,2,7,18,17,14,12,59,33,4,4,6,4,1,2,0,0,183,400,-1,-1,-1,-1,-1,-1,-1,-1,-1,-1
DE MAGALLANES Y DE LA ANTARTICA CHILENA,PUNTA ARENAS,GIMNASIO FISCAL,165V,3,14,26,42,10,7,0,1,6,1,4,3,19,15,9,12,22,5,5,2,7,3,1,1,1,0,109,400,-1,-1,-1,-1,-1,-1,-1,-1,-1,-1
DE MAGALLANES Y DE LA ANTARTICA CHILENA,PUNTA ARENAS,GIMNASIO FISCAL,166V,1,15,32,32,6,8,0,1,11,1,4,7,19,23,6,4,16,3,8,3,4,2,3,3,1,0,106,400,-1,-1,-1,-1,-1,-1,-1,-1,-1,-1
DE MAGALLANES Y DE LA ANTARTICA CHILENA,PUNTA ARENAS,GIMNASIO FISCAL,167V,1,8,28,32,11,11,0,1,8,1,5,5,19,18,11,10,8,10,3,7,3,0,0,0,0,1,100,400,-1,-1,-1,-1,-1,-1,-1,-1,-1,-1
DE MAGALLANES Y DE LA ANTARTICA CHILENA,PUNTA ARENAS,GIMNASIO FISCAL,168V,0,10,31,23,10,7,2,0,3,2,5,0,18,19,6,3,13,6,5,4,4,1,1,0,1,0,86,400,-1,-1,-1,-1,-1,-1,-1,-1,-1,-1
DE MAGALLANES Y DE LA ANTARTICA CHILENA,PUNTA ARENAS,GIMNASIO FISCAL,169V,1,20,34,30,9,7,0,1,10,1,1,2,15,21,13,8,25,5,7,3,6,3,2,1,0,0,112,400,-1,-1,-1,-1,-1,-1,-1,-1,-1,-1
DE MAGALLANES Y DE LA ANTARTICA CHILENA,PUNTA ARENAS,GIMNASIO FISCAL,170V,0,23,47,53,15,13,1,2,14,3,3,7,40,38,11,11,27,2,12,4,6,4,2,1,0,0,168,400,-1,-1,-1,-1,-1,-1,-1,-1,-1,-1
DE MAGALLANES Y DE LA ANTARTICA CHILENA,PUNTA ARENAS,GIMNASIO FISCAL,171V,1,11,24,40,10,8,1,1,8,2,6,4,11,18,4,11,18,4,11,5,6,0,4,1,1,0,104,400,-1,-1,-1,-1,-1,-1,-1,-1,-1,-1
DE MAGALLANES Y DE LA ANTARTICA CHILENA,PUNTA ARENAS,GIMNASIO FISCAL,172V,0,16,28,38,10,8,0,1,10,1,6,0,13,19,4,11,28,3,9,4,7,4,2,0,1,0,111,400,-1,-1,-1,-1,-1,-1,-1,-1,-1,-1
DE MAGALLANES Y DE LA ANTARTICA CHILENA,PUNTA ARENAS,GIMNASIO FISCAL,173V,3,10,34,38,12,11,1,1,10,2,2,3,19,23,9,4,24,8,10,4,10,1,2,0,1,0,120,400,-1,-1,-1,-1,-1,-1,-1,-1,-1,-1
DE MAGALLANES Y DE LA ANTARTICA CHILENA,PUNTA ARENAS,INSTITUTO DON BOSCO,66V,0,15,58,51,13,12,2,1,17,3,1,1,4,2,6,56,0,3,34,1,41,0,16,0,4,0,169,400,-1,-1,-1,-1,-1,-1,-1,-1,-1,-1
DE MAGALLANES Y DE LA ANTARTICA CHILENA,PUNTA ARENAS,INSTITUTO DON BOSCO,67V,1,25,54,37,22,14,2,3,15,5,0,1,6,4,3,66,0,3,33,1,34,0,16,0,4,0,173,400,-1,-1,-1,-1,-1,-1,-1,-1,-1,-1
DE MAGALLANES Y DE LA ANTARTICA CHILENA,PUNTA ARENAS,INSTITUTO DON BOSCO,68V,3,23,57,39,18,16,1,2,19,3,0,5,3,5,1,67,2,2,36,3,30,0,19,0,5,0,178,400,-1,-1,-1,-1,-1,-1,-1,-1,-1,-1
DE MAGALLANES Y DE LA ANTARTICA CHILENA,PUNTA ARENAS,INSTITUTO DON BOSCO,69V,1,16,55,40,25,11,0,1,14,1,1,0,4,2,2,75,5,3,27,0,22,1,19,0,2,0,163,400,-1,-1,-1,-1,-1,-1,-1,-1,-1,-1
DE MAGALLANES Y DE LA ANTARTICA CHILENA,PUNTA ARENAS,INSTITUTO DON BOSCO,70V,2,22,51,34,13,11,1,1,13,2,1,0,2,7,6,48,2,1,30,1,34,0,16,0,0,0,148,400,-1,-1,-1,-1,-1,-1,-1,-1,-1,-1
DE MAGALLANES Y DE LA ANTARTICA CHILENA,PUNTA ARENAS,INSTITUTO DON BOSCO,71V,3,25,55,40,10,15,1,2,14,3,1,3,7,10,2,67,2,2,28,1,21,1,16,1,3,0,165,400,-1,-1,-1,-1,-1,-1,-1,-1,-1,-1
DE MAGALLANES Y DE LA ANTARTICA CHILENA,PUNTA ARENAS,INSTITUTO DON BOSCO,72V,2,22,59,36,17,14,0,3,16,3,1,0,5,7,3,68,3,5,22,5,32,1,12,0,5,0,169,400,-1,-1,-1,-1,-1,-1,-1,-1,-1,-1
DE MAGALLANES Y DE LA ANTARTICA CHILENA,PUNTA ARENAS,INSTITUTO DON BOSCO,73V,1,26,58,35,15,9,0,2,17,2,1,0,5,1,2,74,4,2,23,1,32,0,12,1,5,0,163,400,-1,-1,-1,-1,-1,-1,-1,-1,-1,-1
DE MAGALLANES Y DE LA ANTARTICA CHILENA,PUNTA ARENAS,INSTITUTO DON BOSCO,74V,0,24,56,40,16,13,0,3,21,3,0,2,3,7,1,65,2,4,37,0,29,1,17,0,5,0,173,400,-1,-1,-1,-1,-1,-1,-1,-1,-1,-1
DE MAGALLANES Y DE LA ANTARTICA CHILENA,PUNTA ARENAS,INSTITUTO DON BOSCO,75V,0,24,45,41,15,10,0,1,14,1,4,1,5,5,5,53,4,2,27,0,30,0,9,0,5,0,150,400,-1,-1,-1,-1,-1,-1,-1,-1,-1,-1
DE MAGALLANES Y DE LA ANTARTICA CHILENA,PUNTA ARENAS,INSTITUTO DON BOSCO,76V,4,15,58,48,12,28,0,0,8,0,3,0,5,5,2,103,3,2,24,3,13,0,8,0,2,0,173,400,-1,-1,-1,-1,-1,-1,-1,-1,-1,-1
DE MAGALLANES Y DE LA ANTARTICA CHILENA,PUNTA ARENAS,INSTITUTO DON BOSCO,77V,1,23,56,42,30,9,1,2,20,3,1,0,7,4,4,84,1,0,27,2,36,0,14,0,4,0,184,400,-1,-1,-1,-1,-1,-1,-1,-1,-1,-1
DE MAGALLANES Y DE LA ANTARTICA CHILENA,PUNTA ARENAS,INSTITUTO DON BOSCO,78V,1,23,64,32,27,11,1,1,17,2,2,1,4,7,1,67,4,2,32,1,34,0,16,1,5,0,177,400,-1,-1,-1,-1,-1,-1,-1,-1,-1,-1
DE MAGALLANES Y DE LA ANTARTICA CHILENA,PUNTA ARENAS,INSTITUTO DON BOSCO,79V,3,26,53,25,20,13,0,0,11,0,1,1,1,7,0,79,1,0,31,0,23,0,6,0,1,0,151,400,-1,-1,-1,-1,-1,-1,-1,-1,-1,-1
DE MAGALLANES Y DE LA ANTARTICA CHILENA,PUNTA ARENAS,INSTITUTO DON BOSCO,80V,1,18,38,37,19,16,1,0,13,1,2,2,4,8,1,59,1,9,18,3,22,1,10,0,3,0,143,400,-1,-1,-1,-1,-1,-1,-1,-1,-1,-1
DE MAGALLANES Y DE LA ANTARTICA CHILENA,PUNTA ARENAS,INSTITUTO SAGRADA FAMILIA,111M,2,27,44,38,11,5,0,1,10,1,0,0,2,7,48,0,2,36,0,28,0,12,0,2,0,1,138,400,-1,-1,-1,-1,-1,-1,-1,-1,-1,-1
DE MAGALLANES Y DE LA ANTARTICA CHILENA,PUNTA ARENAS,INSTITUTO SAGRADA FAMILIA,112M,0,22,44,35,12,12,0,0,13,0,0,4,6,3,27,7,0,41,0,33,1,14,0,2,0,1,138,400,-1,-1,-1,-1,-1,-1,-1,-1,-1,-1
DE MAGALLANES Y DE LA ANTARTICA CHILENA,PUNTA ARENAS,INSTITUTO SAGRADA FAMILIA,113M,2,20,60,36,15,13,0,1,14,1,4,2,2,3,65,2,2,32,1,28,1,18,0,1,0,0,161,400,-1,-1,-1,-1,-1,-1,-1,-1,-1,-1
DE MAGALLANES Y DE LA ANTARTICA CHILENA,PUNTA ARENAS,INSTITUTO SAGRADA FAMILIA,114M,3,23,61,42,24,17,0,6,14,6,1,2,7,2,53,7,2,61,0,30,2,17,0,4,0,2,190,400,-1,-1,-1,-1,-1,-1,-1,-1,-1,-1
DE MAGALLANES Y DE LA ANTARTICA CHILENA,PUNTA ARENAS,INSTITUTO SAGRADA FAMILIA,115M,3,32,52,42,19,17,1,1,17,2,1,1,6,6,67,1,3,40,0,29,0,20,2,6,0,2,184,400,-1,-1,-1,-1,-1,-1,-1,-1,-1,-1
DE MAGALLANES Y DE LA ANTARTICA CHILENA,PUNTA ARENAS,INSTITUTO SAGRADA FAMILIA,116M,1,27,64,38,23,16,1,1,7,2,0,2,11,6,54,2,1,52,1,25,1,17,0,6,0,0,178,400,-1,-1,-1,-1,-1,-1,-1,-1,-1,-1
DE MAGALLANES Y DE LA ANTARTICA CHILENA,PUNTA ARENAS,INSTITUTO SAGRADA FAMILIA,117M,1,27,39,49,19,16,0,0,20,0,1,0,4,8,47,5,3,51,0,27,1,16,1,4,0,3,171,400,-1,-1,-1,-1,-1,-1,-1,-1,-1,-1
DE MAGALLANES Y DE LA ANTARTICA CHILENA,PUNTA ARENAS,INSTITUTO SAGRADA FAMILIA,118M,1,20,41,44,12,10,3,0,15,3,2,2,3,4,20,2,1,64,1,30,1,10,0,1,0,2,146,400,-1,-1,-1,-1,-1,-1,-1,-1,-1,-1
DE MAGALLANES Y DE LA ANTARTICA CHILENA,PUNTA ARENAS,INSTITUTO SAGRADA FAMILIA,119M,1,34,40,36,17,15,2,2,24,4,2,1,8,3,32,5,2,62,3,27,0,20,0,6,0,0,171,400,-1,-1,-1,-1,-1,-1,-1,-1,-1,-1
DE MAGALLANES Y DE LA ANTARTICA CHILENA,PUNTA ARENAS,INSTITUTO SAGRADA FAMILIA,120M,0,23,63,44,18,15,1,0,8,1,1,3,1,4,45,1,2,58,2,32,0,19,0,3,0,1,172,400,-1,-1,-1,-1,-1,-1,-1,-1,-1,-1
DE MAGALLANES Y DE LA ANTARTICA CHILENA,PUNTA ARENAS,INSTITUTO SAGRADA FAMILIA,121M,1,31,51,36,27,14,1,1,7,2,1,0,4,2,43,2,5,61,1,25,0,20,0,3,0,2,169,400,-1,-1,-1,-1,-1,-1,-1,-1,-1,-1
DE MAGALLANES Y DE LA ANTARTICA CHILENA,PUNTA ARENAS,INSTITUTO SAGRADA FAMILIA,122M,2,14,43,31,27,15,0,3,18,3,0,2,6,1,33,2,2,68,0,15,1,16,0,4,0,3,153,400,-1,-1,-1,-1,-1,-1,-1,-1,-1,-1
DE MAGALLANES Y DE LA ANTARTICA CHILENA,PUNTA ARENAS,INSTITUTO SAGRADA FAMILIA,123M,1,31,41,35,19,18,0,2,12,2,1,0,4,4,62,2,4,44,1,14,4,18,0,1,0,0,159,400,-1,-1,-1,-1,-1,-1,-1,-1,-1,-1
DE MAGALLANES Y DE LA ANTARTICA CHILENA,PUNTA ARENAS,INSTITUTO SAGRADA FAMILIA,124M,2,19,40,39,13,10,1,0,8,1,1,2,4,3,43,2,0,39,1,21,2,11,0,3,0,0,132,400,-1,-1,-1,-1,-1,-1,-1,-1,-1,-1
DE MAGALLANES Y DE LA ANTARTICA CHILENA,PUNTA ARENAS,INSTITUTO SAGRADA FAMILIA,125M,1,32,37,31,7,7,1,0,12,1,4,0,4,6,57,1,1,28,1,10,1,11,0,4,0,0,128,400,-1,-1,-1,-1,-1,-1,-1,-1,-1,-1
DE MAGALLANES Y DE LA ANTARTICA CHILENA,PUNTA ARENAS,INSTITUTO SUPERIOR DE COMERCIO,28M,1,10,32,35,17,10,0,1,15,1,1,2,2,4,1,3,7,3,10,32,7,26,0,16,0,7,121,400,-1,-1,-1,-1,-1,-1,-1,-1,-1,-1
DE MAGALLANES Y DE LA ANTARTICA CHILENA,PUNTA ARENAS,INSTITUTO SUPERIOR DE COMERCIO,29M,1,8,31,46,8,12,0,2,16,2,2,2,1,3,5,1,16,2,10,25,8,29,0,13,0,7,124,400,-1,-1,-1,-1,-1,-1,-1,-1,-1,-1
DE MAGALLANES Y DE LA ANTARTICA CHILENA,PUNTA ARENAS,INSTITUTO SUPERIOR DE COMERCIO,30M,4,7,44,35,12,14,0,1,16,1,0,0,6,4,0,1,23,1,10,21,3,34,1,27,0,2,133,400,-1,-1,-1,-1,-1,-1,-1,-1,-1,-1
DE MAGALLANES Y DE LA ANTARTICA CHILENA,PUNTA ARENAS,INSTITUTO SUPERIOR DE COMERCIO,31M,0,10,42,38,7,17,0,0,22,0,1,1,3,4,1,2,13,2,9,21,1,42,0,31,0,5,136,400,-1,-1,-1,-1,-1,-1,-1,-1,-1,-1
DE MAGALLANES Y DE LA ANTARTICA CHILENA,PUNTA ARENAS,INSTITUTO SUPERIOR DE COMERCIO,32M,1,10,53,34,8,11,0,2,11,2,0,1,1,3,2,2,17,1,12,27,0,35,0,20,0,9,130,400,-1,-1,-1,-1,-1,-1,-1,-1,-1,-1
DE MAGALLANES Y DE LA ANTARTICA CHILENA,PUNTA ARENAS,INSTITUTO SUPERIOR DE COMERCIO,33M,0,11,40,24,9,8,0,1,17,1,3,1,3,1,2,1,11,3,7,25,0,35,0,13,0,6,110,400,-1,-1,-1,-1,-1,-1,-1,-1,-1,-1
DE MAGALLANES Y DE LA ANTARTICA CHILENA,PUNTA ARENAS,INSTITUTO SUPERIOR DE COMERCIO,34M,0,6,44,30,18,21,0,0,8,0,2,2,3,2,3,2,21,2,10,24,0,28,0,24,0,5,127,400,-1,-1,-1,-1,-1,-1,-1,-1,-1,-1
DE MAGALLANES Y DE LA ANTARTICA CHILENA,PUNTA ARENAS,INSTITUTO SUPERIOR DE COMERCIO,35M,0,5,49,39,22,15,0,0,11,0,0,1,1,3,2,2,22,1,19,33,1,38,0,9,0,9,141,400,-1,-1,-1,-1,-1,-1,-1,-1,-1,-1
DE MAGALLANES Y DE LA ANTARTICA CHILENA,PUNTA ARENAS,INSTITUTO SUPERIOR DE COMERCIO,36M,1,8,41,54,10,18,1,0,15,1,0,0,1,3,7,2,37,4,13,25,0,35,0,17,0,4,148,400,-1,-1,-1,-1,-1,-1,-1,-1,-1,-1
DE MAGALLANES Y DE LA ANTARTICA CHILENA,PUNTA ARENAS,INSTITUTO SUPERIOR DE COMERCIO,37M,2,17,49,32,15,14,1,0,21,1,0,0,3,3,4,2,18,1,15,42,0,43,0,17,0,3,151,400,-1,-1,-1,-1,-1,-1,-1,-1,-1,-1
DE MAGALLANES Y DE LA ANTARTICA CHILENA,PUNTA ARENAS,INSTITUTO SUPERIOR DE COMERCIO,38M,1,9,55,43,12,14,0,1,16,1,2,0,2,3,4,1,21,1,14,31,1,38,2,22,0,8,151,400,-1,-1,-1,-1,-1,-1,-1,-1,-1,-1
DE MAGALLANES Y DE LA ANTARTICA CHILENA,PUNTA ARENAS,INSTITUTO SUPERIOR DE COMERCIO,39M,1,14,44,28,16,19,1,0,13,1,0,0,1,3,1,2,26,1,7,41,0,30,0,18,0,6,136,400,-1,-1,-1,-1,-1,-1,-1,-1,-1,-1
DE MAGALLANES Y DE LA ANTARTICA CHILENA,PUNTA ARENAS,LICEO ADVENTISTA,74M,2,16,38,43,17,12,0,2,8,2,1,1,3,2,34,5,7,1,2,30,2,34,0,13,0,3,138,400,-1,-1,-1,-1,-1,-1,-1,-1,-1,-1
DE MAGALLANES Y DE LA ANTARTICA CHILENA,PUNTA ARENAS,LICEO ADVENTISTA,75M,0,14,40,41,17,12,0,2,22,2,0,1,2,2,55,5,4,3,1,23,0,31,0,14,0,7,148,400,-1,-1,-1,-1,-1,-1,-1,-1,-1,-1
DE MAGALLANES Y DE LA ANTARTICA CHILENA,PUNTA ARENAS,LICEO ADVENTISTA,76M,1,22,56,43,10,13,0,0,20,0,2,2,4,4,33,1,5,7,3,42,1,36,1,16,0,8,165,400,-1,-1,-1,-1,-1,-1,-1,-1,-1,-1
DE MAGALLANES Y DE LA ANTARTICA CHILENA,PUNTA ARENAS,LICEO ADVENTISTA,77M,0,27,46,32,21,13,0,0,11,0,1,1,3,3,52,2,3,0,0,28,1,32,0,17,0,7,150,400,-1,-1,-1,-1,-1,-1,-1,-1,-1,-1
DE MAGALLANES Y DE LA ANTARTICA CHILENA,PUNTA ARENAS,LICEO ADVENTISTA,78M,0,24,52,39,14,12,1,4,15,5,2,1,7,3,56,6,3,0,0,38,0,30,0,12,0,3,161,400,-1,-1,-1,-1,-1,-1,-1,-1,-1,-1
DE MAGALLANES Y DE LA ANTARTICA CHILENA,PUNTA ARENAS,LICEO ADVENTISTA,79M,0,24,34,30,17,12,1,0,10,1,1,1,5,6,33,2,2,2,1,33,0,32,0,7,0,3,128,400,-1,-1,-1,-1,-1,-1,-1,-1,-1,-1
DE MAGALLANES Y DE LA ANTARTICA CHILENA,PUNTA ARENAS,LICEO ADVENTISTA,80M,1,21,43,55,14,13,1,1,16,2,0,2,4,0,63,1,4,2,0,33,2,35,0,18,0,1,165,400,-1,-1,-1,-1,-1,-1,-1,-1,-1,-1
DE MAGALLANES Y DE LA ANTARTICA CHILENA,PUNTA ARENAS,LICEO ADVENTISTA,81M,2,22,41,38,12,12,0,3,15,3,0,0,1,2,50,2,3,0,2,34,1,31,0,12,0,7,145,400,-1,-1,-1,-1,-1,-1,-1,-1,-1,-1
DE MAGALLANES Y DE LA ANTARTICA CHILENA,PUNTA ARENAS,LICEO ADVENTISTA,82M,2,18,36,36,21,19,0,2,12,2,1,2,2,6,48,2,2,3,1,29,0,38,0,8,0,4,146,400,-1,-1,-1,-1,-1,-1,-1,-1,-1,-1
DE MAGALLANES Y DE LA ANTARTICA CHILENA,PUNTA ARENAS,LICEO ADVENTISTA,83M,1,18,42,43,14,10,0,2,11,2,2,0,3,1,49,2,4,1,1,33,2,30,0,10,0,3,141,400,-1,-1,-1,-1,-1,-1,-1,-1,-1,-1
DE MAGALLANES Y DE LA ANTARTICA CHILENA,PUNTA ARENAS,LICEO EXPERIMENTAL UMAG,21V,1,9,35,35,12,14,1,3,16,4,1,0,5,4,0,2,2,30,11,18,37,4,9,0,3,0,126,400,-1,-1,-1,-1,-1,-1,-1,-1,-1,-1
DE MAGALLANES Y DE LA ANTARTICA CHILENA,PUNTA ARENAS,LICEO EXPERIMENTAL UMAG,22V,0,13,40,44,17,8,1,1,21,2,0,1,2,7,2,1,2,43,14,29,25,2,13,0,7,0,145,400,-1,-1,-1,-1,-1,-1,-1,-1,-1,-1
DE MAGALLANES Y DE LA ANTARTICA CHILENA,PUNTA ARENAS,LICEO EXPERIMENTAL UMAG,23V,3,15,32,50,20,13,1,2,12,3,2,0,2,6,2,1,4,59,12,11,25,2,19,0,3,0,148,400,-1,-1,-1,-1,-1,-1,-1,-1,-1,-1
DE MAGALLANES Y DE LA ANTARTICA CHILENA,PUNTA ARENAS,LICEO EXPERIMENTAL UMAG,24V,3,12,37,26,15,17,0,1,13,1,1,0,3,2,0,3,1,49,16,15,20,4,8,1,1,0,124,400,-1,-1,-1,-1,-1,-1,-1,-1,-1,-1
DE MAGALLANES Y DE LA ANTARTICA CHILENA,PUNTA ARENAS,LICEO EXPERIMENTAL UMAG,25V,0,13,42,36,10,17,1,0,11,1,5,2,3,3,2,2,2,60,12,9,18,0,5,1,6,0,130,400,-1,-1,-1,-1,-1,-1,-1,-1,-1,-1
DE MAGALLANES Y DE LA ANTARTICA CHILENA,PUNTA ARENAS,LICEO EXPERIMENTAL UMAG,26V,0,11,49,41,11,7,0,2,10,2,0,0,6,4,2,4,1,37,20,8,23,0,23,0,3,0,131,400,-1,-1,-1,-1,-1,-1,-1,-1,-1,-1
DE MAGALLANES Y DE LA ANTARTICA CHILENA,PUNTA ARENAS,LICEO EXPERIMENTAL UMAG,27V,0,19,42,42,12,12,2,1,16,3,0,2,6,7,0,1,0,71,11,5,20,0,20,0,3,0,146,400,-1,-1,-1,-1,-1,-1,-1,-1,-1,-1
DE MAGALLANES Y DE LA ANTARTICA CHILENA,PUNTA ARENAS,LICEO EXPERIMENTAL UMAG,28V,1,7,32,38,14,10,1,1,11,2,3,0,7,6,0,0,0,4,13,27,31,1,19,0,4,0,115,400,-1,-1,-1,-1,-1,-1,-1,-1,-1,-1
DE MAGALLANES Y DE LA ANTARTICA CHILENA,PUNTA ARENAS,LICEO EXPERIMENTAL UMAG,29V,0,14,34,41,15,12,0,3,21,3,2,1,1,6,1,0,0,3,22,43,44,0,15,0,2,0,140,400,-1,-1,-1,-1,-1,-1,-1,-1,-1,-1
DE MAGALLANES Y DE LA ANTARTICA CHILENA,PUNTA ARENAS,LICEO EXPERIMENTAL UMAG,30V,1,10,42,48,25,12,0,2,16,2,0,1,3,1,5,2,1,50,17,7,36,1,24,0,8,0,156,400,-1,-1,-1,-1,-1,-1,-1,-1,-1,-1
DE MAGALLANES Y DE LA ANTARTICA CHILENA,PUNTA ARENAS,LICEO EXPERIMENTAL UMAG,31V,1,16,43,43,16,7,0,1,12,1,0,0,5,6,2,2,1,58,16,9,19,3,12,2,4,0,139,400,-1,-1,-1,-1,-1,-1,-1,-1,-1,-1
DE MAGALLANES Y DE LA ANTARTICA CHILENA,PUNTA ARENAS,LICEO EXPERIMENTAL UMAG,32V,2,18,37,34,19,10,1,0,20,1,1,0,3,1,4,3,2,52,15,2,36,0,13,0,9,0,141,400,-1,-1,-1,-1,-1,-1,-1,-1,-1,-1
DE MAGALLANES Y DE LA ANTARTICA CHILENA,PUNTA ARENAS,LICEO EXPERIMENTAL UMAG,33V,0,15,40,40,16,9,1,0,13,1,0,2,2,4,4,1,4,57,14,4,26,1,13,0,2,0,134,400,-1,-1,-1,-1,-1,-1,-1,-1,-1,-1
DE MAGALLANES Y DE LA ANTARTICA CHILENA,PUNTA ARENAS,LICEO EXPERIMENTAL UMAG,34V,0,18,46,34,20,13,1,2,13,3,0,1,1,2,3,2,3,70,17,3,22,2,18,0,3,0,147,400,-1,-1,-1,-1,-1,-1,-1,-1,-1,-1
DE MAGALLANES Y DE LA ANTARTICA CHILENA,PUNTA ARENAS,LICEO EXPERIMENTAL UMAG,35V,1,9,41,59,17,14,0,1,19,1,2,2,4,6,5,0,4,61,18,3,26,1,24,0,5,0,161,400,-1,-1,-1,-1,-1,-1,-1,-1,-1,-1
DE MAGALLANES Y DE LA ANTARTICA CHILENA,PUNTA ARENAS,LICEO INDUSTRIAL ARMANDO QUEZADA ACHARAN,10V,1,3,22,36,3,4,0,0,4,0,1,1,6,2,4,0,2,1,4,0,17,4,17,6,6,2,73,400,-1,-1,-1,-1,-1,-1,-1,-1,-1,-1
DE MAGALLANES Y DE LA ANTARTICA CHILENA,PUNTA ARENAS,LICEO INDUSTRIAL ARMANDO QUEZADA ACHARAN,11V,1,5,18,25,8,6,0,1,6,1,0,0,2,2,6,0,3,1,7,1,16,17,13,2,0,0,70,400,-1,-1,-1,-1,-1,-1,-1,-1,-1,-1
DE MAGALLANES Y DE LA ANTARTICA CHILENA,PUNTA ARENAS,LICEO INDUSTRIAL ARMANDO QUEZADA ACHARAN,12V,0,4,26,31,7,5,0,0,9,0,1,1,4,7,5,1,0,2,8,2,16,14,13,0,8,0,82,400,-1,-1,-1,-1,-1,-1,-1,-1,-1,-1
DE MAGALLANES Y DE LA ANTARTICA CHILENA,PUNTA ARENAS,LICEO INDUSTRIAL ARMANDO QUEZADA ACHARAN,13V,0,5,22,43,4,8,0,1,8,1,0,0,4,4,3,0,3,1,10,6,33,16,7,1,3,0,91,400,-1,-1,-1,-1,-1,-1,-1,-1,-1,-1
DE MAGALLANES Y DE LA ANTARTICA CHILENA,PUNTA ARENAS,LICEO INDUSTRIAL ARMANDO QUEZADA ACHARAN,14V,0,8,30,55,6,14,2,0,8,2,0,2,12,6,1,1,3,6,12,2,35,21,18,0,4,0,123,400,-1,-1,-1,-1,-1,-1,-1,-1,-1,-1
DE MAGALLANES Y DE LA ANTARTICA CHILENA,PUNTA ARENAS,LICEO INDUSTRIAL ARMANDO QUEZADA ACHARAN,15V,0,8,19,42,7,5,1,0,2,1,0,1,2,4,2,1,1,2,8,7,20,22,9,1,4,0,84,400,-1,-1,-1,-1,-1,-1,-1,-1,-1,-1
DE MAGALLANES Y DE LA ANTARTICA CHILENA,PUNTA ARENAS,LICEO INDUSTRIAL ARMANDO QUEZADA ACHARAN,16V,0,5,18,34,12,7,1,0,6,1,0,1,2,5,3,1,2,12,6,9,19,7,12,0,4,0,83,400,-1,-1,-1,-1,-1,-1,-1,-1,-1,-1
DE MAGALLANES Y DE LA ANTARTICA CHILENA,PUNTA ARENAS,LICEO INDUSTRIAL ARMANDO QUEZADA ACHARAN,17V,2,8,31,44,8,9,1,1,9,2,2,1,7,6,0,3,1,18,12,17,22,9,7,0,8,0,113,400,-1,-1,-1,-1,-1,-1,-1,-1,-1,-1
DE MAGALLANES Y DE LA ANTARTICA CHILENA,PUNTA ARENAS,LICEO INDUSTRIAL ARMANDO QUEZADA ACHARAN,18V,2,14,32,35,13,7,0,0,8,0,0,1,5,5,9,8,1,32,6,12,14,8,8,0,2,0,111,400,-1,-1,-1,-1,-1,-1,-1,-1,-1,-1
DE MAGALLANES Y DE LA ANTARTICA CHILENA,PUNTA ARENAS,LICEO INDUSTRIAL ARMANDO QUEZADA ACHARAN,19V,0,10,41,41,6,17,0,2,14,2,2,2,4,3,3,6,1,33,12,16,19,10,15,0,5,0,131,400,-1,-1,-1,-1,-1,-1,-1,-1,-1,-1
DE MAGALLANES Y DE LA ANTARTICA CHILENA,PUNTA ARENAS,LICEO INDUSTRIAL ARMANDO QUEZADA ACHARAN,20V,0,16,28,42,12,12,0,3,12,3,0,3,6,6,3,4,5,32,13,13,22,7,7,0,4,0,125,400,-1,-1,-1,-1,-1,-1,-1,-1,-1,-1
DE MAGALLANES Y DE LA ANTARTICA CHILENA,PUNTA ARENAS,LICEO INDUSTRIAL ARMANDO QUEZADA ACHARAN,5V,0,4,20,31,8,4,0,1,11,1,4,0,5,3,1,1,2,0,11,0,18,2,18,3,8,3,79,400,-1,-1,-1,-1,-1,-1,-1,-1,-1,-1
DE MAGALLANES Y DE LA ANTARTICA CHILENA,PUNTA ARENAS,LICEO INDUSTRIAL ARMANDO QUEZADA ACHARAN,6V,2,5,21,35,9,6,0,1,8,1,1,1,10,5,3,1,1,1,12,1,28,1,14,4,5,0,87,400,-1,-1,-1,-1,-1,-1,-1,-1,-1,-1
DE MAGALLANES Y DE LA ANTARTICA CHILENA,PUNTA ARENAS,LICEO INDUSTRIAL ARMANDO QUEZADA ACHARAN,7V,2,10,19,31,6,8,0,0,6,0,1,3,2,1,2,6,1,1,12,0,33,1,7,3,7,2,82,400,-1,-1,-1,-1,-1,-1,-1,-1,-1,-1
DE MAGALLANES Y DE LA ANTARTICA CHILENA,PUNTA ARENAS,LICEO INDUSTRIAL ARMANDO QUEZADA ACHARAN,8V,0,6,13,39,3,5,0,1,6,1,4,2,4,3,2,2,0,1,9,2,24,4,9,5,2,0,73,400,-1,-1,-1,-1,-1,-1,-1,-1,-1,-1
DE MAGALLANES Y DE LA ANTARTICA CHILENA,PUNTA ARENAS,LICEO INDUSTRIAL ARMANDO QUEZADA ACHARAN,9V,2,4,21,38,13,7,0,0,5,0,1,2,8,6,1,2,1,0,10,1,20,5,18,9,6,0,90,400,-1,-1,-1,-1,-1,-1,-1,-1,-1,-1
DE MAGALLANES Y DE LA ANTARTICA CHILENA,PUNTA ARENAS,LICEO JUAN BAUTISTA CONTARDI,55M,1,21,45,36,12,15,1,2,19,3,1,0,1,1,1,1,59,2,3,32,1,31,0,13,0,6,152,400,-1,-1,-1,-1,-1,-1,-1,-1,-1,-1
DE MAGALLANES Y DE LA ANTARTICA CHILENA,PUNTA ARENAS,LICEO JUAN BAUTISTA CONTARDI,56M,2,12,40,27,22,6,2,1,16,3,1,1,2,1,1,2,29,4,0,32,0,34,0,18,0,3,128,400,-1,-1,-1,-1,-1,-1,-1,-1,-1,-1
DE MAGALLANES Y DE LA ANTARTICA CHILENA,PUNTA ARENAS,LICEO JUAN BAUTISTA CONTARDI,57M,2,20,45,34,21,12,0,2,16,2,1,4,3,4,6,2,36,1,3,37,2,28,0,21,0,4,152,400,-1,-1,-1,-1,-1,-1,-1,-1,-1,-1
DE MAGALLANES Y DE LA ANTARTICA CHILENA,PUNTA ARENAS,LICEO JUAN BAUTISTA CONTARDI,58M,1,18,42,36,28,14,1,1,20,2,0,1,4,2,2,1,46,3,0,31,1,47,0,20,0,3,161,400,-1,-1,-1,-1,-1,-1,-1,-1,-1,-1
DE MAGALLANES Y DE LA ANTARTICA CHILENA,PUNTA ARENAS,LICEO JUAN BAUTISTA CONTARDI,59M,3,19,42,47,20,18,0,1,11,1,1,2,1,4,4,3,42,1,0,42,1,41,0,14,0,6,161,400,-1,-1,-1,-1,-1,-1,-1,-1,-1,-1
DE MAGALLANES Y DE LA ANTARTICA CHILENA,PUNTA ARENAS,LICEO JUAN BAUTISTA CONTARDI,60M,1,15,46,40,26,7,0,0,17,0,1,1,4,5,1,1,58,1,0,25,0,32,0,13,0,9,152,400,-1,-1,-1,-1,-1,-1,-1,-1,-1,-1
DE MAGALLANES Y DE LA ANTARTICA CHILENA,PUNTA ARENAS,LICEO JUAN BAUTISTA CONTARDI,61M,0,9,43,45,15,18,0,1,15,1,0,2,4,7,4,1,33,3,2,34,1,36,1,16,0,2,146,400,-1,-1,-1,-1,-1,-1,-1,-1,-1,-1
DE MAGALLANES Y DE LA ANTARTICA CHILENA,PUNTA ARENAS,LICEO JUAN BAUTISTA CONTARDI,62M,3,17,46,34,22,12,1,2,11,3,2,0,4,5,1,3,48,2,0,28,1,31,0,19,0,4,148,400,-1,-1,-1,-1,-1,-1,-1,-1,-1,-1
DE MAGALLANES Y DE LA ANTARTICA CHILENA,PUNTA ARENAS,LICEO JUAN BAUTISTA CONTARDI,63M,1,12,47,43,21,20,2,0,12,2,2,1,3,2,1,1,53,3,1,34,0,33,0,20,0,4,158,400,-1,-1,-1,-1,-1,-1,-1,-1,-1,-1
DE MAGALLANES Y DE LA ANTARTICA CHILENA,PUNTA ARENAS,LICEO JUAN BAUTISTA CONTARDI,64M,2,13,29,45,22,15,0,2,13,2,1,0,4,2,2,2,33,2,0,41,1,26,0,21,0,6,141,400,-1,-1,-1,-1,-1,-1,-1,-1,-1,-1
DE MAGALLANES Y DE LA ANTARTICA CHILENA,PUNTA ARENAS,LICEO LUIS ALBERTO BARRERA,16M,1,13,39,31,10,10,2,0,9,2,2,2,3,4,1,5,1,2,3,29,7,32,0,17,0,7,115,400,-1,-1,-1,-1,-1,-1,-1,-1,-1,-1
DE MAGALLANES Y DE LA ANTARTICA CHILENA,PUNTA ARENAS,LICEO LUIS ALBERTO BARRERA,17M,2,15,39,35,16,8,1,0,11,1,0,0,3,3,4,3,3,0,3,22,22,32,0,24,0,8,127,400,-1,-1,-1,-1,-1,-1,-1,-1,-1,-1
DE MAGALLANES Y DE LA ANTARTICA CHILENA,PUNTA ARENAS,LICEO LUIS ALBERTO BARRERA,18M,1,10,46,35,11,15,0,2,17,2,1,3,6,9,8,10,2,2,0,23,12,24,0,25,0,13,137,400,-1,-1,-1,-1,-1,-1,-1,-1,-1,-1
DE MAGALLANES Y DE LA ANTARTICA CHILENA,PUNTA ARENAS,LICEO LUIS ALBERTO BARRERA,19M,2,14,30,34,14,17,0,2,10,2,2,1,3,3,3,1,3,2,0,20,19,37,0,22,0,7,123,400,-1,-1,-1,-1,-1,-1,-1,-1,-1,-1
DE MAGALLANES Y DE LA ANTARTICA CHILENA,PUNTA ARENAS,LICEO LUIS ALBERTO BARRERA,20M,2,8,40,40,12,11,0,1,17,1,2,1,4,2,1,3,5,2,1,33,19,36,0,16,0,6,131,400,-1,-1,-1,-1,-1,-1,-1,-1,-1,-1
DE MAGALLANES Y DE LA ANTARTICA CHILENA,PUNTA ARENAS,LICEO LUIS ALBERTO BARRERA,21M,1,10,42,22,15,13,0,2,11,2,1,0,2,7,3,4,2,0,7,14,14,32,1,19,0,10,116,400,-1,-1,-1,-1,-1,-1,-1,-1,-1,-1
DE MAGALLANES Y DE LA ANTARTICA CHILENA,PUNTA ARENAS,LICEO LUIS ALBERTO BARRERA,22M,1,13,40,31,18,12,1,0,13,1,2,0,2,6,1,2,3,2,4,31,11,38,0,21,0,6,129,400,-1,-1,-1,-1,-1,-1,-1,-1,-1,-1
DE MAGALLANES Y DE LA ANTARTICA CHILENA,PUNTA ARENAS,LICEO LUIS ALBERTO BARRERA,23M,0,12,38,35,10,12,1,1,15,2,2,3,2,2,1,0,4,0,7,34,10,28,0,21,0,10,124,400,-1,-1,-1,-1,-1,-1,-1,-1,-1,-1
DE MAGALLANES Y DE LA ANTARTICA CHILENA,PUNTA ARENAS,LICEO LUIS ALBERTO BARRERA,24M,0,12,49,33,11,9,0,1,17,1,1,0,4,5,2,1,10,0,5,28,15,30,0,18,0,13,132,400,-1,-1,-1,-1,-1,-1,-1,-1,-1,-1
DE MAGALLANES Y DE LA ANTARTICA CHILENA,PUNTA ARENAS,LICEO LUIS ALBERTO BARRERA,25M,0,10,45,41,7,14,0,2,18,2,1,0,5,3,2,2,18,1,12,26,10,26,0,23,0,8,137,400,-1,-1,-1,-1,-1,-1,-1,-1,-1,-1
DE MAGALLANES Y DE LA ANTARTICA CHILENA,PUNTA ARENAS,LICEO LUIS ALBERTO BARRERA,26M,1,14,49,35,16,6,1,1,15,2,0,1,2,3,1,2,25,1,11,26,5,33,0,21,0,7,138,400,-1,-1,-1,-1,-1,-1,-1,-1,-1,-1
DE MAGALLANES Y DE LA ANTARTICA CHILENA,PUNTA ARENAS,LICEO LUIS ALBERTO BARRERA,27M,2,16,47,32,21,10,0,0,24,0,1,1,5,5,1,3,17,1,11,35,9,39,0,18,0,6,152,400,-1,-1,-1,-1,-1,-1,-1,-1,-1,-1
DE MAGALLANES Y DE LA ANTARTICA CHILENA,PUNTA ARENAS,LICEO MARIA AUXILIADORA,40M,0,18,47,36,20,13,0,3,12,3,2,0,2,1,6,1,39,4,5,35,1,33,0,12,0,8,149,400,-1,-1,-1,-1,-1,-1,-1,-1,-1,-1
DE MAGALLANES Y DE LA ANTARTICA CHILENA,PUNTA ARENAS,LICEO MARIA AUXILIADORA,41M,0,15,47,26,19,11,0,3,19,3,2,1,1,4,4,1,28,1,6,36,0,31,1,17,0,7,140,400,-1,-1,-1,-1,-1,-1,-1,-1,-1,-1
DE MAGALLANES Y DE LA ANTARTICA CHILENA,PUNTA ARENAS,LICEO MARIA AUXILIADORA,42M,1,11,41,40,22,12,1,0,14,1,1,0,4,2,2,3,34,0,12,22,0,35,0,21,0,6,142,400,-1,-1,-1,-1,-1,-1,-1,-1,-1,-1
DE MAGALLANES Y DE LA ANTARTICA CHILENA,PUNTA ARENAS,LICEO MARIA AUXILIADORA,43M,1,12,45,42,20,12,0,2,10,2,2,2,1,2,4,3,35,2,3,27,1,37,0,18,0,7,144,400,-1,-1,-1,-1,-1,-1,-1,-1,-1,-1
DE MAGALLANES Y DE LA ANTARTICA CHILENA,PUNTA ARENAS,LICEO MARIA AUXILIADORA,44M,0,9,43,30,13,11,0,2,14,2,0,1,3,3,4,2,6,2,13,26,0,38,0,19,0,5,122,400,-1,-1,-1,-1,-1,-1,-1,-1,-1,-1
DE MAGALLANES Y DE LA ANTARTICA CHILENA,PUNTA ARENAS,LICEO MARIA AUXILIADORA,45M,1,11,45,37,21,6,0,0,12,0,2,2,3,6,3,3,0,1,17,25,0,42,0,21,0,9,133,400,-1,-1,-1,-1,-1,-1,-1,-1,-1,-1
DE MAGALLANES Y DE LA ANTARTICA CHILENA,PUNTA ARENAS,LICEO MARIA AUXILIADORA,46M,3,5,47,30,18,13,2,1,13,3,1,2,4,1,3,2,2,3,24,27,0,35,1,22,0,5,132,400,-1,-1,-1,-1,-1,-1,-1,-1,-1,-1
DE MAGALLANES Y DE LA ANTARTICA CHILENA,PUNTA ARENAS,LICEO MARIA AUXILIADORA,47M,0,18,38,35,20,17,1,0,20,1,0,1,1,3,1,2,34,5,2,31,0,52,0,14,0,3,149,400,-1,-1,-1,-1,-1,-1,-1,-1,-1,-1
DE MAGALLANES Y DE LA ANTARTICA CHILENA,PUNTA ARENAS,LICEO MARIA AUXILIADORA,48M,0,16,35,35,9,14,0,2,13,2,1,2,0,5,1,4,31,2,1,25,0,29,0,19,0,4,124,400,-1,-1,-1,-1,-1,-1,-1,-1,-1,-1
DE MAGALLANES Y DE LA ANTARTICA CHILENA,PUNTA ARENAS,LICEO MARIA AUXILIADORA,49M,0,13,43,44,9,8,0,3,21,3,2,0,5,6,0,1,25,2,3,31,1,45,1,17,0,2,141,400,-1,-1,-1,-1,-1,-1,-1,-1,-1,-1
DE MAGALLANES Y DE LA ANTARTICA CHILENA,PUNTA ARENAS,LICEO MARIA AUXILIADORA,50M,2,12,36,31,18,16,0,1,17,1,0,0,2,6,2,4,24,4,3,31,1,36,0,14,0,6,133,400,-1,-1,-1,-1,-1,-1,-1,-1,-1,-1
DE MAGALLANES Y DE LA ANTARTICA CHILENA,PUNTA ARENAS,LICEO MARIA AUXILIADORA,51M,0,10,42,32,24,14,2,3,16,5,0,0,4,1,1,3,34,2,3,42,0,32,0,17,0,4,143,400,-1,-1,-1,-1,-1,-1,-1,-1,-1,-1
DE MAGALLANES Y DE LA ANTARTICA CHILENA,PUNTA ARENAS,LICEO MARIA AUXILIADORA,52M,0,15,41,26,20,11,1,0,15,1,2,2,1,3,1,1,22,0,1,25,0,37,0,22,0,12,129,400,-1,-1,-1,-1,-1,-1,-1,-1,-1,-1
DE MAGALLANES Y DE LA ANTARTICA CHILENA,PUNTA ARENAS,LICEO MARIA AUXILIADORA,53M,1,18,39,29,17,11,0,0,18,0,0,3,1,2,1,4,32,2,0,25,0,36,0,18,0,9,133,400,-1,-1,-1,-1,-1,-1,-1,-1,-1,-1
DE MAGALLANES Y DE LA ANTARTICA CHILENA,PUNTA ARENAS,LICEO MARIA AUXILIADORA,54M,3,12,45,36,15,10,0,2,17,2,2,1,2,3,3,1,31,1,1,35,0,36,0,14,0,10,140,400,-1,-1,-1,-1,-1,-1,-1,-1,-1,-1
DE MAGALLANES Y DE LA ANTARTICA CHILENA,PUNTA ARENAS,LICEO POLIVALENTE MARIA BEHETY,65M,0,30,46,40,15,12,0,3,11,3,3,0,2,4,3,2,54,1,0,29,0,35,0,20,0,4,157,400,-1,-1,-1,-1,-1,-1,-1,-1,-1,-1
DE MAGALLANES Y DE LA ANTARTICA CHILENA,PUNTA ARENAS,LICEO POLIVALENTE MARIA BEHETY,66M,1,23,38,49,17,20,1,2,13,3,0,0,2,2,1,2,49,1,1,48,1,39,0,14,0,4,164,400,-1,-1,-1,-1,-1,-1,-1,-1,-1,-1
DE MAGALLANES Y DE LA ANTARTICA CHILENA,PUNTA ARENAS,LICEO POLIVALENTE MARIA BEHETY,67M,1,20,46,41,9,12,1,0,17,1,0,2,6,5,4,0,23,1,2,38,2,37,1,18,0,8,147,400,-1,-1,-1,-1,-1,-1,-1,-1,-1,-1
DE MAGALLANES Y DE LA ANTARTICA CHILENA,PUNTA ARENAS,LICEO POLIVALENTE MARIA BEHETY,68M,0,37,37,40,29,17,2,1,12,3,0,3,3,4,10,10,47,0,4,37,1,39,0,13,0,4,175,400,-1,-1,-1,-1,-1,-1,-1,-1,-1,-1
DE MAGALLANES Y DE LA ANTARTICA CHILENA,PUNTA ARENAS,LICEO POLIVALENTE MARIA BEHETY,69M,0,30,41,36,17,11,0,2,15,2,0,0,3,7,1,3,56,0,2,31,1,25,0,15,1,7,152,400,-1,-1,-1,-1,-1,-1,-1,-1,-1,-1
DE MAGALLANES Y DE LA ANTARTICA CHILENA,PUNTA ARENAS,LICEO POLIVALENTE MARIA BEHETY,70M,0,17,47,41,13,12,0,1,17,1,3,1,6,4,7,2,34,1,1,39,2,28,0,13,0,6,148,400,-1,-1,-1,-1,-1,-1,-1,-1,-1,-1
DE MAGALLANES Y DE LA ANTARTICA CHILENA,PUNTA ARENAS,LICEO POLIVALENTE MARIA BEHETY,71M,4,16,24,27,22,12,0,1,12,1,1,2,4,4,0,2,20,1,3,31,0,34,0,10,0,6,118,400,-1,-1,-1,-1,-1,-1,-1,-1,-1,-1
DE MAGALLANES Y DE LA ANTARTICA CHILENA,PUNTA ARENAS,LICEO POLIVALENTE MARIA BEHETY,72M,1,23,41,43,19,10,0,1,8,1,1,0,6,2,25,3,11,1,2,43,0,37,0,12,0,3,146,400,-1,-1,-1,-1,-1,-1,-1,-1,-1,-1
DE MAGALLANES Y DE LA ANTARTICA CHILENA,PUNTA ARENAS,LICEO POLIVALENTE MARIA BEHETY,73M,1,17,48,42,16,13,1,1,10,2,0,1,9,15,21,7,4,1,1,31,0,36,0,18,0,5,149,400,-1,-1,-1,-1,-1,-1,-1,-1,-1,-1
DE MAGALLANES Y DE LA ANTARTICA CHILENA,PUNTA ARENAS,LICEO SAN JOSE,121V,0,26,42,29,17,2,1,0,8,1,0,0,9,10,13,15,6,6,40,1,20,0,3,0,2,0,125,400,-1,-1,-1,-1,-1,-1,-1,-1,-1,-1
DE MAGALLANES Y DE LA ANTARTICA CHILENA,PUNTA ARENAS,LICEO SAN JOSE,122V,0,16,36,38,11,13,1,1,13,2,1,1,4,11,11,17,6,5,22,5,29,6,11,0,0,0,129,400,-1,-1,-1,-1,-1,-1,-1,-1,-1,-1
DE MAGALLANES Y DE LA ANTARTICA CHILENA,PUNTA ARENAS,LICEO SAN JOSE,123V,0,14,50,45,18,11,0,2,17,2,0,3,10,3,2,6,13,13,45,26,14,17,3,0,2,0,157,400,-1,-1,-1,-1,-1,-1,-1,-1,-1,-1
DE MAGALLANES Y DE LA ANTARTICA CHILENA,PUNTA ARENAS,LICEO SAN JOSE,124V,3,14,42,57,7,17,4,0,16,4,4,1,6,8,8,7,36,34,32,9,9,0,3,2,0,1,160,400,-1,-1,-1,-1,-1,-1,-1,-1,-1,-1
DE MAGALLANES Y DE LA ANTARTICA CHILENA,PUNTA ARENAS,LICEO SAN JOSE,125V,3,18,30,53,7,18,0,1,13,1,5,2,9,5,21,21,32,21,16,5,3,0,2,0,0,1,143,400,-1,-1,-1,-1,-1,-1,-1,-1,-1,-1
DE MAGALLANES Y DE LA ANTARTICA CHILENA,PUNTA ARENAS,LICEO SAN JOSE,126V,1,23,47,38,9,16,1,0,8,1,0,3,18,22,20,33,11,1,19,2,7,3,2,0,2,0,143,400,-1,-1,-1,-1,-1,-1,-1,-1,-1,-1
DE MAGALLANES Y DE LA ANTARTICA CHILENA,PUNTA ARENAS,LICEO SAN JOSE,127V,5,21,46,26,11,8,0,1,7,1,4,2,39,41,3,4,1,3,12,2,11,1,2,0,0,0,125,400,-1,-1,-1,-1,-1,-1,-1,-1,-1,-1
DE MAGALLANES Y DE LA ANTARTICA CHILENA,PUNTA ARENAS,LICEO SAN JOSE,128V,0,23,40,36,9,7,1,1,9,2,2,2,38,42,4,3,4,3,20,0,7,0,1,0,0,0,126,400,-1,-1,-1,-1,-1,-1,-1,-1,-1,-1
DE MAGALLANES Y DE LA ANTARTICA CHILENA,PUNTA ARENAS,LICEO SAN JOSE,129V,1,27,55,31,10,6,2,1,10,3,1,1,46,44,2,2,3,7,26,0,6,4,1,0,0,0,143,400,-1,-1,-1,-1,-1,-1,-1,-1,-1,-1
DE MAGALLANES Y DE LA ANTARTICA CHILENA,PUNTA ARENAS,LICEO SAN JOSE,130V,2,21,54,24,14,6,2,2,11,4,1,0,26,34,4,0,6,2,46,1,9,3,3,1,0,0,136,400,-1,-1,-1,-1,-1,-1,-1,-1,-1,-1
DE MAGALLANES Y DE LA ANTARTICA CHILENA,PUNTA ARENAS,LICEO SAN JOSE,131V,4,17,53,26,16,13,2,0,11,2,3,2,22,33,2,2,0,2,49,1,15,0,7,0,2,1,142,400,-1,-1,-1,-1,-1,-1,-1,-1,-1,-1
DE MAGALLANES Y DE LA ANTARTICA CHILENA,PUNTA ARENAS,LICEO SAN JOSE,132V,1,16,40,32,9,12,1,0,12,1,1,1,6,10,1,4,13,15,30,13,16,7,6,0,0,0,123,400,-1,-1,-1,-1,-1,-1,-1,-1,-1,-1
DE MAGALLANES Y DE LA ANTARTICA CHILENA,PUNTA ARENAS,LICEO SAN JOSE,133V,2,21,43,62,13,12,0,2,12,2,1,2,9,10,33,36,24,2,26,0,16,0,7,0,1,0,167,400,-1,-1,-1,-1,-1,-1,-1,-1,-1,-1
DE MAGALLANES Y DE LA ANTARTICA CHILENA,PUNTA ARENAS,LICEO SAN JOSE,134V,2,20,52,29,16,13,0,0,9,0,5,1,13,19,4,1,42,3,28,2,13,2,7,0,1,0,141,400,-1,-1,-1,-1,-1,-1,-1,-1,-1,-1
DE MAGALLANES Y DE LA ANTARTICA CHILENA,PUNTA ARENAS,LICEO SAN JOSE,135V,0,17,45,30,8,6,1,0,15,1,1,0,23,26,1,5,35,0,13,3,12,1,2,0,0,0,122,400,-1,-1,-1,-1,-1,-1,-1,-1,-1,-1
DE MAGALLANES Y DE LA ANTARTICA CHILENA,PUNTA ARENAS,LICEO SAN JOSE,136V,2,16,39,30,8,4,0,0,1,0,0,3,14,23,7,3,15,6,14,3,6,2,2,2,0,0,100,400,-1,-1,-1,-1,-1,-1,-1,-1,-1,-1
DE MAGALLANES Y DE LA ANTARTICA CHILENA,PUNTA ARENAS,LICEO SARA BRAUN,10M,1,6,32,33,9,10,1,1,13,2,1,1,5,5,1,1,3,2,0,9,1,28,4,30,0,15,106,400,-1,-1,-1,-1,-1,-1,-1,-1,-1,-1
DE MAGALLANES Y DE LA ANTARTICA CHILENA,PUNTA ARENAS,LICEO SARA BRAUN,11M,2,8,32,33,7,15,0,3,9,3,0,0,6,9,5,4,1,4,2,16,4,26,10,17,1,4,109,400,-1,-1,-1,-1,-1,-1,-1,-1,-1,-1
DE MAGALLANES Y DE LA ANTARTICA CHILENA,PUNTA ARENAS,LICEO SARA BRAUN,12M,1,6,32,35,7,19,0,0,9,0,0,1,5,9,2,3,2,3,0,17,5,20,7,19,0,16,109,400,-1,-1,-1,-1,-1,-1,-1,-1,-1,-1
DE MAGALLANES Y DE LA ANTARTICA CHILENA,PUNTA ARENAS,LICEO SARA BRAUN,13M,0,3,35,37,10,10,0,1,10,1,1,1,6,5,2,1,1,2,1,21,11,22,2,22,0,8,106,400,-1,-1,-1,-1,-1,-1,-1,-1,-1,-1
DE MAGALLANES Y DE LA ANTARTICA CHILENA,PUNTA ARENAS,LICEO SARA BRAUN,14M,1,6,53,40,10,8,0,0,14,0,1,2,1,5,1,5,3,2,1,30,19,29,7,19,0,8,132,400,-1,-1,-1,-1,-1,-1,-1,-1,-1,-1
DE MAGALLANES Y DE LA ANTARTICA CHILENA,PUNTA ARENAS,LICEO SARA BRAUN,15M,0,8,44,32,12,10,0,0,18,0,1,3,2,1,3,2,1,2,4,33,19,30,1,19,0,3,124,400,-1,-1,-1,-1,-1,-1,-1,-1,-1,-1
DE MAGALLANES Y DE LA ANTARTICA CHILENA,PUNTA ARENAS,LICEO SARA BRAUN,1M,1,14,36,43,10,11,0,3,9,3,0,1,19,21,4,5,2,0,0,12,1,25,0,26,0,11,127,400,-1,-1,-1,-1,-1,-1,-1,-1,-1,-1
DE MAGALLANES Y DE LA ANTARTICA CHILENA,PUNTA ARENAS,LICEO SARA BRAUN,2M,0,9,32,49,7,13,0,0,14,0,5,0,7,8,15,8,8,5,3,17,0,18,1,17,1,12,124,400,-1,-1,-1,-1,-1,-1,-1,-1,-1,-1
DE MAGALLANES Y DE LA ANTARTICA CHILENA,PUNTA ARENAS,LICEO SARA BRAUN,3M,1,6,26,36,9,12,0,0,16,0,1,2,4,3,3,5,1,2,2,10,1,26,0,37,1,8,106,400,-1,-1,-1,-1,-1,-1,-1,-1,-1,-1
DE MAGALLANES Y DE LA ANTARTICA CHILENA,PUNTA ARENAS,LICEO SARA BRAUN,4M,1,8,16,36,11,10,1,3,9,4,3,2,2,0,3,5,5,2,1,18,0,23,0,18,3,10,95,400,-1,-1,-1,-1,-1,-1,-1,-1,-1,-1
DE MAGALLANES Y DE LA ANTARTICA CHILENA,PUNTA ARENAS,LICEO SARA BRAUN,5M,1,7,27,38,10,18,0,2,9,2,1,3,6,4,3,3,1,2,3,18,0,34,1,23,1,9,112,400,-1,-1,-1,-1,-1,-1,-1,-1,-1,-1
DE MAGALLANES Y DE LA ANTARTICA CHILENA,PUNTA ARENAS,LICEO SARA BRAUN,6M,0,7,29,35,11,8,0,2,14,2,2,0,5,6,2,4,3,7,2,13,0,26,0,26,2,8,106,400,-1,-1,-1,-1,-1,-1,-1,-1,-1,-1
DE MAGALLANES Y DE LA ANTARTICA CHILENA,PUNTA ARENAS,LICEO SARA BRAUN,7M,1,5,36,40,12,7,0,1,9,1,1,3,5,5,2,6,3,2,1,14,0,31,4,24,2,8,111,400,-1,-1,-1,-1,-1,-1,-1,-1,-1,-1
DE MAGALLANES Y DE LA ANTARTICA CHILENA,PUNTA ARENAS,LICEO SARA BRAUN,8M,0,5,33,39,10,12,0,1,10,1,1,2,7,3,4,4,2,0,0,21,1,25,10,21,0,9,110,400,-1,-1,-1,-1,-1,-1,-1,-1,-1,-1
DE MAGALLANES Y DE LA ANTARTICA CHILENA,PUNTA ARENAS,LICEO SARA BRAUN,9M,1,2,34,24,11,8,3,2,13,5,3,1,2,4,1,4,2,3,1,17,1,23,15,12,0,9,98,400,-1,-1,-1,-1,-1,-1,-1,-1,-1,-1
DE MAGALLANES Y DE LA ANTARTICA CHILENA,PUNTA ARENAS,UNIVERSIDAD DE MAGALLANES,100M,2,27,45,32,24,13,1,0,15,1,1,0,8,5,46,3,2,3,0,58,0,23,0,7,0,2,159,400,-1,-1,-1,-1,-1,-1,-1,-1,-1,-1
DE MAGALLANES Y DE LA ANTARTICA CHILENA,PUNTA ARENAS,UNIVERSIDAD DE MAGALLANES,101M,0,23,39,52,15,17,0,3,12,3,1,1,4,11,50,9,4,3,1,43,0,22,0,6,1,5,161,400,-1,-1,-1,-1,-1,-1,-1,-1,-1,-1
DE MAGALLANES Y DE LA ANTARTICA CHILENA,PUNTA ARENAS,UNIVERSIDAD DE MAGALLANES,102M,0,23,51,37,16,15,0,2,11,2,3,1,2,2,58,1,3,6,0,55,0,19,0,5,0,0,155,400,-1,-1,-1,-1,-1,-1,-1,-1,-1,-1
DE MAGALLANES Y DE LA ANTARTICA CHILENA,PUNTA ARENAS,UNIVERSIDAD DE MAGALLANES,103M,0,25,48,34,24,17,0,2,13,2,2,2,3,1,61,1,0,4,0,62,0,21,1,4,0,1,163,400,-1,-1,-1,-1,-1,-1,-1,-1,-1,-1
DE MAGALLANES Y DE LA ANTARTICA CHILENA,PUNTA ARENAS,UNIVERSIDAD DE MAGALLANES,104M,3,31,41,39,17,10,3,0,11,3,0,2,5,1,39,4,4,9,2,60,0,19,0,6,0,1,155,400,-1,-1,-1,-1,-1,-1,-1,-1,-1,-1
DE MAGALLANES Y DE LA ANTARTICA CHILENA,PUNTA ARENAS,UNIVERSIDAD DE MAGALLANES,105M,0,26,45,30,12,10,0,2,11,2,0,0,1,4,47,2,4,3,2,44,1,14,0,10,0,4,136,400,-1,-1,-1,-1,-1,-1,-1,-1,-1,-1
DE MAGALLANES Y DE LA ANTARTICA CHILENA,PUNTA ARENAS,UNIVERSIDAD DE MAGALLANES,106M,3,18,49,32,16,10,0,1,11,1,1,0,3,3,36,3,3,19,1,38,0,21,1,11,0,0,140,400,-1,-1,-1,-1,-1,-1,-1,-1,-1,-1
DE MAGALLANES Y DE LA ANTARTICA CHILENA,PUNTA ARENAS,UNIVERSIDAD DE MAGALLANES,107M,0,31,42,39,23,11,0,1,16,1,1,2,3,5,40,2,2,57,1,23,1,18,1,6,0,0,163,400,-1,-1,-1,-1,-1,-1,-1,-1,-1,-1
DE MAGALLANES Y DE LA ANTARTICA CHILENA,PUNTA ARENAS,UNIVERSIDAD DE MAGALLANES,108M,3,31,50,37,19,16,0,1,16,1,1,0,2,1,64,2,1,60,1,25,1,11,0,3,0,2,173,400,-1,-1,-1,-1,-1,-1,-1,-1,-1,-1
DE MAGALLANES Y DE LA ANTARTICA CHILENA,PUNTA ARENAS,UNIVERSIDAD DE MAGALLANES,109M,0,39,40,30,16,13,1,3,7,4,0,2,6,3,66,3,1,32,3,14,1,10,0,7,0,1,149,400,-1,-1,-1,-1,-1,-1,-1,-1,-1,-1
DE MAGALLANES Y DE LA ANTARTICA CHILENA,PUNTA ARENAS,UNIVERSIDAD DE MAGALLANES,110M,1,36,48,33,9,15,0,0,12,0,0,0,0,2,76,2,2,29,0,22,2,16,0,5,0,1,154,400,-1,-1,-1,-1,-1,-1,-1,-1,-1,-1
DE MAGALLANES Y DE LA ANTARTICA CHILENA,PUNTA ARENAS,UNIVERSIDAD DE MAGALLANES,96M,2,21,39,36,15,16,2,0,9,2,2,1,4,3,48,2,3,6,0,26,1,32,0,9,0,3,140,400,-1,-1,-1,-1,-1,-1,-1,-1,-1,-1
DE MAGALLANES Y DE LA ANTARTICA CHILENA,PUNTA ARENAS,UNIVERSIDAD DE MAGALLANES,97M,0,15,55,45,20,8,0,0,9,0,1,4,4,4,41,2,3,3,0,41,3,30,0,10,0,6,152,400,-1,-1,-1,-1,-1,-1,-1,-1,-1,-1
DE MAGALLANES Y DE LA ANTARTICA CHILENA,PUNTA ARENAS,UNIVERSIDAD DE MAGALLANES,98M,0,20,36,47,12,11,0,0,10,0,0,1,1,4,43,3,2,2,2,30,0,31,0,15,0,2,136,400,-1,-1,-1,-1,-1,-1,-1,-1,-1,-1
DE MAGALLANES Y DE LA ANTARTICA CHILENA,PUNTA ARENAS,UNIVERSIDAD DE MAGALLANES,99M,0,23,34,46,21,11,0,2,16,2,0,0,2,3,45,6,1,1,1,34,1,39,0,17,0,3,153,400,-1,-1,-1,-1,-1,-1,-1,-1,-1,-1
DE MAGALLANES Y DE LA ANTARTICA CHILENA,RIO VERDE,SALA DE USO MULTIPLE,1V-2V,0,13,17,33,8,8,0,0,9,0,1,0,3,1,3,7,24,5,11,5,10,5,7,1,5,0,88,3,-1,-1,-1,-1,-1,-1,-1,-1,-1,-1
DE MAGALLANES Y DE LA ANTARTICA CHILENA,RIO VERDE,SALA DE USO MULTIPLE,2M-5,0,15,23,54,11,15,0,0,4,0,0,0,7,5,15,8,8,20,10,12,6,19,1,8,2,2,122,3,-1,-1,-1,-1,-1,-1,-1,-1,-1,-1
DE MAGALLANES Y DE LA ANTARTICA CHILENA,RIO VERDE,SALA DE USO MULTIPLE,4V,0,3,12,14,10,3,0,2,4,2,0,0,1,1,6,1,9,1,13,1,9,0,3,0,3,0,48,3,-1,-1,-1,-1,-1,-1,-1,-1,-1,-1
DE MAGALLANES Y DE LA ANTARTICA CHILENA,SAN GREGORIO,ESCUELA PUNTA DELGADA,1M-2M-3M-1V,0,15,24,52,12,16,3,1,3,4,0,0,3,8,14,14,9,11,7,18,13,19,2,3,2,3,126,2,-1,-1,-1,-1,-1,-1,-1,-1,-1,-1
DE MAGALLANES Y DE LA ANTARTICA CHILENA,SAN GREGORIO,ESCUELA PUNTA DELGADA,2V-3V-4V-5V-6V-7,0,18,28,43,15,16,0,1,2,1,1,1,10,14,18,9,18,6,19,7,10,3,2,1,3,1,123,2,-1,-1,-1,-1,-1,-1,-1,-1,-1,-1
DE MAGALLANES Y DE LA ANTARTICA CHILENA,TIMAUKEL,ESCUELA IGNACIO CARRERA PINTO,1M-2M,0,11,7,35,11,8,0,2,3,2,0,0,10,7,4,6,5,9,9,7,5,7,0,7,1,0,77,3,-1,-1,-1,-1,-1,-1,-1,-1,-1,-1
DE MAGALLANES Y DE LA ANTARTICA CHILENA,TIMAUKEL,ESCUELA IGNACIO CARRERA PINTO,1V-2V-3V,1,9,13,21,9,9,0,0,3,0,0,1,5,3,6,4,10,5,13,3,7,2,5,0,1,0,65,3,-1,-1,-1,-1,-1,-1,-1,-1,-1,-1
DE MAGALLANES Y DE LA ANTARTICA CHILENA,TIMAUKEL,ESCUELA IGNACIO CARRERA PINTO,4V,0,2,4,15,3,2,1,0,2,1,0,0,1,0,4,1,5,3,6,2,5,1,0,0,1,0,29,3,-1,-1,-1,-1,-1,-1,-1,-1,-1,-1
DE MAGALLANES Y DE LA ANTARTICA CHILENA,TORRES DEL PAINE (C CASTILLO),ESCUELA RAMON SERRANO,1M,0,10,22,36,10,9,1,1,27,2,0,0,2,2,7,7,7,19,7,23,13,19,4,5,0,1,116,6,-1,-1,-1,-1,-1,-1,-1,-1,-1,-1
DE MAGALLANES Y DE LA ANTARTICA CHILENA,TORRES DEL PAINE (C CASTILLO),ESCUELA RAMON SERRANO,2M,0,11,13,22,15,11,3,2,11,5,0,0,3,1,7,13,9,19,3,13,3,11,0,1,1,1,88,6,-1,-1,-1,-1,-1,-1,-1,-1,-1,-1
DE MAGALLANES Y DE LA ANTARTICA CHILENA,TORRES DEL PAINE (C CASTILLO),ESCUELA RAMON SERRANO,2V-5V,3,9,30,34,9,6,2,0,21,2,0,0,5,6,16,10,21,5,24,7,16,1,2,0,0,1,114,6,-1,-1,-1,-1,-1,-1,-1,-1,-1,-1
DE MAGALLANES Y DE LA ANTARTICA CHILENA,TORRES DEL PAINE (C CASTILLO),ESCUELA RAMON SERRANO,3M-1V,0,17,19,30,15,5,0,1,14,1,0,0,7,7,12,16,9,8,12,7,11,4,6,0,3,0,101,6,-1,-1,-1,-1,-1,-1,-1,-1,-1,-1
DE MAGALLANES Y DE LA ANTARTICA CHILENA,TORRES DEL PAINE (C CASTILLO),ESCUELA RAMON SERRANO,3V,1,9,15,14,5,3,0,2,20,2,1,0,2,2,12,2,12,5,14,4,10,1,3,1,0,0,69,6,-1,-1,-1,-1,-1,-1,-1,-1,-1,-1
DE MAGALLANES Y DE LA ANTARTICA CHILENA,TORRES DEL PAINE (C CASTILLO),ESCUELA RAMON SERRANO,4V-6,0,18,24,25,13,8,2,2,30,4,0,1,5,5,15,13,23,10,18,7,12,5,4,2,1,1,122,6,-1,-1,-1,-1,-1,-1,-1,-1,-1,-1
