REGION,CIRCUNSCRIPCION ELECTORAL,LOCAL,MESA,EDUARDO ARTES,FRANCO ALDO PARISI,GABRIEL BORIC,JOSE ANTONIO KAST,MARCO ENRIQUEZ-OMINAMI,SEBASTIAN SICHEL,VOTOS EN BLANCO,VOTOS NULOS,YASNA PROVOSTE,NULO BLANCO,18-19,20-29,30-39,40-49,50-59,60-69,70-79,80+,NUM VOTOS,NUM MESAS,P-VALOR,LOG P-VALOR,E_EDUARDO ARTES,E_FRANCO ALDO PARISI,E_GABRIEL BORIC,E_JOSE ANTONIO KAST,E_MARCO ENRIQUEZ-OMINAMI,E_NULO BLANCO,E_SEBASTIAN SICHEL,E_YASNA PROVOSTE
DE AYSEN DEL GENERAL CARLOS IBANEZ DEL CAMPO,AISEN,ESCUELA BASICA LITORAL AUSTRAL,16V,1,39,31,37,8,13,0,2,27,2,4,42,36,35,19,18,4,0,158,58,0.35,-0.4559319556497244,-1,-1,-1,-1,-1,-1,-1,-1
DE AYSEN DEL GENERAL CARLOS IBANEZ DEL CAMPO,AISEN,ESCUELA BASICA LITORAL AUSTRAL,17V,1,31,38,29,8,16,5,1,12,6,1,61,22,27,18,9,1,2,141,58,0.11,-0.958607314841775,-1,-1,-1,-1,-1,-1,-1,-1
DE AYSEN DEL GENERAL CARLOS IBANEZ DEL CAMPO,AISEN,ESCUELA BASICA LITORAL AUSTRAL,18V,6,37,26,29,3,13,2,2,15,4,1,57,11,24,22,15,3,0,133,58,0.006,-2.221848749616356,-1,-1,-1,-1,-1,-1,-1,-1
DE AYSEN DEL GENERAL CARLOS IBANEZ DEL CAMPO,AISEN,ESCUELA BASICA LITORAL AUSTRAL,19V,1,28,30,30,5,4,0,1,12,1,8,30,19,32,15,6,1,0,111,58,0.91,-0.040958607678906384,-1,-1,-1,-1,-1,-1,-1,-1
DE AYSEN DEL GENERAL CARLOS IBANEZ DEL CAMPO,AISEN,ESCUELA BASICA LITORAL AUSTRAL,20V,2,25,30,39,4,8,0,0,21,0,2,15,26,46,25,10,5,0,129,58,0.51,-0.2924298239020636,-1,-1,-1,-1,-1,-1,-1,-1
DE AYSEN DEL GENERAL CARLOS IBANEZ DEL CAMPO,AISEN,ESCUELA BASICA LITORAL AUSTRAL,21V,1,20,32,46,10,12,1,0,14,1,6,32,23,48,9,13,3,2,136,58,0.24,-0.619788758288394,-1,-1,-1,-1,-1,-1,-1,-1
DE AYSEN DEL GENERAL CARLOS IBANEZ DEL CAMPO,AISEN,ESCUELA BASICA LITORAL AUSTRAL,22V,3,28,42,37,7,4,2,0,26,2,4,32,20,53,22,13,4,1,149,58,0.2,-0.6989700043360187,-1,-1,-1,-1,-1,-1,-1,-1
DE AYSEN DEL GENERAL CARLOS IBANEZ DEL CAMPO,AISEN,ESCUELA BASICA LITORAL AUSTRAL,23V,0,31,42,35,5,6,0,2,11,2,4,31,33,34,18,9,3,0,132,58,0.48,-0.3187587626244128,-1,-1,-1,-1,-1,-1,-1,-1
DE AYSEN DEL GENERAL CARLOS IBANEZ DEL CAMPO,AISEN,ESCUELA BASICA LITORAL AUSTRAL,24V,1,26,46,35,11,7,1,2,9,3,11,44,19,38,17,8,1,0,138,58,0.13,-0.8860566476931632,-1,-1,-1,-1,-1,-1,-1,-1
DE AYSEN DEL GENERAL CARLOS IBANEZ DEL CAMPO,AISEN,ESCUELA BASICA LITORAL AUSTRAL,25V,3,27,31,39,8,7,1,0,10,1,6,29,29,34,17,7,2,1,126,58,0.74,-0.13076828026902382,-1,-1,-1,-1,-1,-1,-1,-1
DE AYSEN DEL GENERAL CARLOS IBANEZ DEL CAMPO,AISEN,ESCUELA BASICA LITORAL AUSTRAL,26V,2,18,31,32,4,16,0,1,21,1,6,24,38,24,17,12,3,0,125,58,0.14,-0.8538719643217619,-1,-1,-1,-1,-1,-1,-1,-1
DE AYSEN DEL GENERAL CARLOS IBANEZ DEL CAMPO,AISEN,ESCUELA BASICA LITORAL AUSTRAL,27V,4,22,43,40,5,12,0,1,14,1,6,29,30,25,20,22,7,2,141,58,0.32,-0.494850021680094,-1,-1,-1,-1,-1,-1,-1,-1
DE AYSEN DEL GENERAL CARLOS IBANEZ DEL CAMPO,AISEN,ESCUELA BASICA LITORAL AUSTRAL,28V,2,29,43,39,7,7,3,3,23,6,2,24,51,35,27,14,2,1,156,58,0.38,-0.42021640338318983,-1,-1,-1,-1,-1,-1,-1,-1
DE AYSEN DEL GENERAL CARLOS IBANEZ DEL CAMPO,AISEN,ESCUELA BASICA LITORAL AUSTRAL,29V,2,32,36,50,8,6,0,1,22,1,3,29,53,27,29,14,1,1,157,58,0.5,-0.3010299956639812,-1,-1,-1,-1,-1,-1,-1,-1
DE AYSEN DEL GENERAL CARLOS IBANEZ DEL CAMPO,AISEN,ESCUELA POETISA GABRIELA MISTRAL,10V,2,30,29,28,10,7,1,1,17,2,3,20,46,11,22,13,8,2,125,58,0.69,-0.16115090926274472,-1,-1,-1,-1,-1,-1,-1,-1
DE AYSEN DEL GENERAL CARLOS IBANEZ DEL CAMPO,AISEN,ESCUELA POETISA GABRIELA MISTRAL,11V,1,25,40,35,11,10,2,1,25,3,6,21,59,5,21,21,12,5,150,58,0.95,-0.022276394711152253,-1,-1,-1,-1,-1,-1,-1,-1
DE AYSEN DEL GENERAL CARLOS IBANEZ DEL CAMPO,AISEN,ESCUELA POETISA GABRIELA MISTRAL,12V,1,17,35,37,14,9,6,2,31,8,7,13,51,10,31,25,9,6,152,58,0.04,-1.3979400086720375,-1,-1,-1,-1,-1,-1,-1,-1
DE AYSEN DEL GENERAL CARLOS IBANEZ DEL CAMPO,AISEN,ESCUELA POETISA GABRIELA MISTRAL,13V,2,23,46,33,8,6,2,3,18,5,1,17,63,5,21,23,8,3,141,58,0.26,-0.585026652029182,-1,-1,-1,-1,-1,-1,-1,-1
DE AYSEN DEL GENERAL CARLOS IBANEZ DEL CAMPO,AISEN,ESCUELA POETISA GABRIELA MISTRAL,14V,6,38,34,37,11,9,3,4,16,7,8,11,68,12,29,18,9,3,158,58,0.02,-1.6989700043360187,-1,-1,-1,-1,-1,-1,-1,-1
DE AYSEN DEL GENERAL CARLOS IBANEZ DEL CAMPO,AISEN,ESCUELA POETISA GABRIELA MISTRAL,15V,2,24,27,34,13,9,0,0,30,0,4,9,57,18,33,15,3,0,139,58,0.11,-0.958607314841775,-1,-1,-1,-1,-1,-1,-1,-1
DE AYSEN DEL GENERAL CARLOS IBANEZ DEL CAMPO,AISEN,ESCUELA POETISA GABRIELA MISTRAL,1V,1,9,16,20,6,8,2,0,15,2,0,11,8,4,19,16,9,10,77,58,0.99,-0.004364805402450088,-1,-1,-1,-1,-1,-1,-1,-1
DE AYSEN DEL GENERAL CARLOS IBANEZ DEL CAMPO,AISEN,ESCUELA POETISA GABRIELA MISTRAL,2V,2,11,27,22,3,6,0,0,8,0,3,12,8,2,13,19,16,6,79,58,0.12,-0.9208187539523752,-1,-1,-1,-1,-1,-1,-1,-1
DE AYSEN DEL GENERAL CARLOS IBANEZ DEL CAMPO,AISEN,ESCUELA POETISA GABRIELA MISTRAL,3V,0,14,25,31,4,12,0,2,21,2,1,19,10,8,24,24,18,5,109,58,0.81,-0.09151498112135022,-1,-1,-1,-1,-1,-1,-1,-1
DE AYSEN DEL GENERAL CARLOS IBANEZ DEL CAMPO,AISEN,ESCUELA POETISA GABRIELA MISTRAL,4V,1,16,30,32,6,10,0,1,24,1,1,12,7,8,45,29,13,5,120,58,0.93,-0.03151705144606486,-1,-1,-1,-1,-1,-1,-1,-1
DE AYSEN DEL GENERAL CARLOS IBANEZ DEL CAMPO,AISEN,ESCUELA POETISA GABRIELA MISTRAL,5V,0,14,22,32,10,9,2,0,21,2,3,11,8,17,31,32,8,0,110,58,0.83,-0.08092190762392612,-1,-1,-1,-1,-1,-1,-1,-1
DE AYSEN DEL GENERAL CARLOS IBANEZ DEL CAMPO,AISEN,ESCUELA POETISA GABRIELA MISTRAL,6V,3,21,25,28,9,8,0,3,29,3,3,12,9,25,35,25,15,2,126,58,0.6,-0.2218487496163564,-1,-1,-1,-1,-1,-1,-1,-1
DE AYSEN DEL GENERAL CARLOS IBANEZ DEL CAMPO,AISEN,ESCUELA POETISA GABRIELA MISTRAL,7V,2,23,35,27,6,10,4,1,32,5,1,14,11,51,32,23,7,1,140,58,0.17,-0.769551078621726,-1,-1,-1,-1,-1,-1,-1,-1
DE AYSEN DEL GENERAL CARLOS IBANEZ DEL CAMPO,AISEN,ESCUELA POETISA GABRIELA MISTRAL,8V,2,28,28,27,6,9,2,1,28,3,2,10,10,54,21,21,7,6,131,58,0.38,-0.42021640338318983,-1,-1,-1,-1,-1,-1,-1,-1
DE AYSEN DEL GENERAL CARLOS IBANEZ DEL CAMPO,AISEN,ESCUELA POETISA GABRIELA MISTRAL,9V,3,13,39,23,10,6,1,0,31,1,2,12,23,15,33,26,13,2,126,58,0.03,-1.5228787452803376,-1,-1,-1,-1,-1,-1,-1,-1
DE AYSEN DEL GENERAL CARLOS IBANEZ DEL CAMPO,AISEN,LICEO RAUL BROUSSAIN CAMPINO,10M,0,14,36,36,9,16,0,3,23,3,8,7,13,24,37,33,15,0,137,58,0.58,-0.23657200643706275,-1,-1,-1,-1,-1,-1,-1,-1
DE AYSEN DEL GENERAL CARLOS IBANEZ DEL CAMPO,AISEN,LICEO RAUL BROUSSAIN CAMPINO,11M,2,29,42,33,11,16,2,3,18,5,3,11,15,42,33,34,14,4,156,58,0.28,-0.5528419686577808,-1,-1,-1,-1,-1,-1,-1,-1
DE AYSEN DEL GENERAL CARLOS IBANEZ DEL CAMPO,AISEN,LICEO RAUL BROUSSAIN CAMPINO,12M,6,23,33,32,11,11,0,2,23,2,5,15,12,28,49,23,7,2,141,58,0.36,-0.44369749923271273,-1,-1,-1,-1,-1,-1,-1,-1
DE AYSEN DEL GENERAL CARLOS IBANEZ DEL CAMPO,AISEN,LICEO RAUL BROUSSAIN CAMPINO,13M,3,27,21,44,15,14,2,2,26,4,1,8,32,47,36,24,4,2,154,58,0.03,-1.5228787452803376,-1,-1,-1,-1,-1,-1,-1,-1
DE AYSEN DEL GENERAL CARLOS IBANEZ DEL CAMPO,AISEN,LICEO RAUL BROUSSAIN CAMPINO,14M,0,25,30,36,7,12,2,1,24,3,3,6,32,30,35,22,6,3,137,58,0.9,-0.045757490560675115,-1,-1,-1,-1,-1,-1,-1,-1
DE AYSEN DEL GENERAL CARLOS IBANEZ DEL CAMPO,AISEN,LICEO RAUL BROUSSAIN CAMPINO,15M,1,15,30,42,6,6,0,2,21,2,4,4,21,41,32,14,5,2,123,58,0.34,-0.46852108295774486,-1,-1,-1,-1,-1,-1,-1,-1
DE AYSEN DEL GENERAL CARLOS IBANEZ DEL CAMPO,AISEN,LICEO RAUL BROUSSAIN CAMPINO,1M,0,8,22,28,7,12,0,4,19,4,3,10,10,5,14,31,15,12,100,58,0.57,-0.24412514432750865,-1,-1,-1,-1,-1,-1,-1,-1
DE AYSEN DEL GENERAL CARLOS IBANEZ DEL CAMPO,AISEN,LICEO RAUL BROUSSAIN CAMPINO,2M,2,11,29,22,7,11,0,3,28,3,3,10,7,3,30,34,25,1,113,58,0.88,-0.05551732784983137,-1,-1,-1,-1,-1,-1,-1,-1
DE AYSEN DEL GENERAL CARLOS IBANEZ DEL CAMPO,AISEN,LICEO RAUL BROUSSAIN CAMPINO,3M,1,16,34,32,13,13,2,0,37,2,4,16,9,8,42,47,19,3,148,58,0.88,-0.05551732784983137,-1,-1,-1,-1,-1,-1,-1,-1
DE AYSEN DEL GENERAL CARLOS IBANEZ DEL CAMPO,AISEN,LICEO RAUL BROUSSAIN CAMPINO,4M,3,14,29,32,6,10,1,0,18,1,4,13,7,5,34,35,15,0,113,58,0.61,-0.21467016498923297,-1,-1,-1,-1,-1,-1,-1,-1
DE AYSEN DEL GENERAL CARLOS IBANEZ DEL CAMPO,AISEN,LICEO RAUL BROUSSAIN CAMPINO,5M,4,20,33,33,9,13,1,1,23,2,1,5,4,10,54,38,12,13,137,58,0.37,-0.431798275933005,-1,-1,-1,-1,-1,-1,-1,-1
DE AYSEN DEL GENERAL CARLOS IBANEZ DEL CAMPO,AISEN,LICEO RAUL BROUSSAIN CAMPINO,6M,0,22,31,37,8,12,2,1,31,3,4,10,5,14,52,40,18,1,144,58,0.81,-0.09151498112135022,-1,-1,-1,-1,-1,-1,-1,-1
DE AYSEN DEL GENERAL CARLOS IBANEZ DEL CAMPO,AISEN,LICEO RAUL BROUSSAIN CAMPINO,7M,1,23,23,18,7,12,1,1,17,2,3,13,6,5,31,26,15,4,103,58,0.11,-0.958607314841775,-1,-1,-1,-1,-1,-1,-1,-1
DE AYSEN DEL GENERAL CARLOS IBANEZ DEL CAMPO,AISEN,LICEO RAUL BROUSSAIN CAMPINO,8M,1,18,31,35,11,15,0,0,21,0,1,7,12,13,49,34,9,7,132,58,0.35,-0.4559319556497244,-1,-1,-1,-1,-1,-1,-1,-1
DE AYSEN DEL GENERAL CARLOS IBANEZ DEL CAMPO,AISEN,LICEO RAUL BROUSSAIN CAMPINO,9M,1,17,27,35,5,18,2,2,25,4,3,7,14,21,39,33,12,3,132,58,0.45,-0.3467874862246563,-1,-1,-1,-1,-1,-1,-1,-1
DE AYSEN DEL GENERAL CARLOS IBANEZ DEL CAMPO,AISEN,POLIDEPORTIVO AYSEN,16M,1,37,29,36,12,10,0,2,22,2,2,4,45,49,26,19,4,0,149,58,0.6,-0.2218487496163564,-1,-1,-1,-1,-1,-1,-1,-1
DE AYSEN DEL GENERAL CARLOS IBANEZ DEL CAMPO,AISEN,POLIDEPORTIVO AYSEN,17M,1,18,41,45,9,16,0,2,22,2,2,6,28,71,26,17,0,4,154,58,0.34,-0.46852108295774486,-1,-1,-1,-1,-1,-1,-1,-1
DE AYSEN DEL GENERAL CARLOS IBANEZ DEL CAMPO,AISEN,POLIDEPORTIVO AYSEN,18M,2,28,46,44,11,10,2,1,21,3,3,12,30,74,28,11,6,1,165,58,0.93,-0.03151705144606486,-1,-1,-1,-1,-1,-1,-1,-1
DE AYSEN DEL GENERAL CARLOS IBANEZ DEL CAMPO,AISEN,POLIDEPORTIVO AYSEN,19M,2,40,33,40,8,14,0,0,23,0,1,19,56,42,21,14,5,3,160,58,0.41,-0.38721614328026455,-1,-1,-1,-1,-1,-1,-1,-1
DE AYSEN DEL GENERAL CARLOS IBANEZ DEL CAMPO,AISEN,POLIDEPORTIVO AYSEN,20M,2,27,46,41,11,16,1,0,23,1,3,8,55,54,24,17,4,2,167,58,0.82,-0.08618614761628333,-1,-1,-1,-1,-1,-1,-1,-1
DE AYSEN DEL GENERAL CARLOS IBANEZ DEL CAMPO,AISEN,POLIDEPORTIVO AYSEN,21M,3,31,34,36,16,12,2,2,27,4,6,6,71,40,23,12,4,1,163,58,0.12,-0.9208187539523752,-1,-1,-1,-1,-1,-1,-1,-1
DE AYSEN DEL GENERAL CARLOS IBANEZ DEL CAMPO,AISEN,POLIDEPORTIVO AYSEN,22M,5,30,33,49,11,11,0,2,18,2,5,12,63,40,22,12,5,0,159,58,0.37,-0.431798275933005,-1,-1,-1,-1,-1,-1,-1,-1
DE AYSEN DEL GENERAL CARLOS IBANEZ DEL CAMPO,AISEN,POLIDEPORTIVO AYSEN,23M,2,39,39,38,11,21,1,3,16,4,5,15,80,40,19,11,0,0,170,58,0.14,-0.8538719643217619,-1,-1,-1,-1,-1,-1,-1,-1
DE AYSEN DEL GENERAL CARLOS IBANEZ DEL CAMPO,AISEN,POLIDEPORTIVO AYSEN,30V,1,37,29,44,6,9,0,1,17,1,11,10,49,31,26,12,5,0,144,58,0.44,-0.3565473235138126,-1,-1,-1,-1,-1,-1,-1,-1
DE AYSEN DEL GENERAL CARLOS IBANEZ DEL CAMPO,AISEN,POLIDEPORTIVO AYSEN,31V,1,25,48,45,7,6,0,1,18,1,9,28,58,26,13,12,3,2,151,58,0.41,-0.38721614328026455,-1,-1,-1,-1,-1,-1,-1,-1
DE AYSEN DEL GENERAL CARLOS IBANEZ DEL CAMPO,AISEN,POLIDEPORTIVO AYSEN,32,1,30,41,22,1,5,0,0,4,0,6,12,72,7,3,3,1,0,104,58,0.027,-1.5686362358410126,-1,-1,-1,-1,-1,-1,-1,-1
DE AYSEN DEL GENERAL CARLOS IBANEZ DEL CAMPO,AISEN,POLIDEPORTIVO AYSEN,33,3,35,22,20,1,6,0,0,5,0,2,40,39,7,2,1,0,1,92,58,0.03,-1.5228787452803376,-1,-1,-1,-1,-1,-1,-1,-1
DE AYSEN DEL GENERAL CARLOS IBANEZ DEL CAMPO,AISEN,POLIDEPORTIVO AYSEN,34,0,24,43,22,6,11,1,0,6,1,4,78,16,10,2,0,2,1,113,58,0.06,-1.2218487496163564,-1,-1,-1,-1,-1,-1,-1,-1
DE AYSEN DEL GENERAL CARLOS IBANEZ DEL CAMPO,AISEN,POLIDEPORTIVO AYSEN,35,4,28,35,30,3,13,2,0,6,2,8,40,36,24,8,4,1,0,121,58,0.15,-0.8239087409443188,-1,-1,-1,-1,-1,-1,-1,-1
DE AYSEN DEL GENERAL CARLOS IBANEZ DEL CAMPO,BAHIA MURTA,ESCUELA RURAL CARRETERA AUSTRAL,1M-1V,2,7,25,69,8,19,3,4,22,7,0,6,17,19,34,46,28,9,159,2,0.84,-0.07572071393811836,-1,-1,-1,-1,-1,-1,-1,-1
DE AYSEN DEL GENERAL CARLOS IBANEZ DEL CAMPO,BAHIA MURTA,ESCUELA RURAL CARRETERA AUSTRAL,2V-3,0,5,14,14,3,9,0,0,7,0,1,10,8,13,8,7,5,0,52,2,0.32,-0.494850021680094,-1,-1,-1,-1,-1,-1,-1,-1
DE AYSEN DEL GENERAL CARLOS IBANEZ DEL CAMPO,BALMACEDA,ESCUELA JOSE ANTOLIN SILVA ORMENO,1M-2M-1V,2,14,44,63,5,20,2,2,16,4,2,10,30,21,38,49,11,7,168,2,1.0,0.0,-1,-1,-1,-1,-1,-1,-1,-1
DE AYSEN DEL GENERAL CARLOS IBANEZ DEL CAMPO,BALMACEDA,ESCUELA JOSE ANTOLIN SILVA ORMENO,2V,1,2,11,19,4,4,1,1,3,2,3,5,7,13,7,6,4,1,46,2,0.64,-0.1938200260161128,-1,-1,-1,-1,-1,-1,-1,-1
DE AYSEN DEL GENERAL CARLOS IBANEZ DEL CAMPO,CHILE CHICO,ESCUELA BASICA DE CHILE CHICO,10,1,10,37,17,3,2,1,0,5,1,3,34,24,9,2,2,2,0,76,17,0.44,-0.3565473235138126,-1,-1,-1,-1,-1,-1,-1,-1
DE AYSEN DEL GENERAL CARLOS IBANEZ DEL CAMPO,CHILE CHICO,ESCUELA BASICA DE CHILE CHICO,1M,2,4,16,30,2,10,1,1,15,2,0,4,2,4,13,29,19,10,81,17,0.16,-0.7958800173440752,-1,-1,-1,-1,-1,-1,-1,-1
DE AYSEN DEL GENERAL CARLOS IBANEZ DEL CAMPO,CHILE CHICO,ESCUELA BASICA DE CHILE CHICO,1V,0,4,17,22,3,6,1,1,12,2,4,10,3,3,9,23,7,6,66,17,0.82,-0.08618614761628333,-1,-1,-1,-1,-1,-1,-1,-1
DE AYSEN DEL GENERAL CARLOS IBANEZ DEL CAMPO,CHILE CHICO,ESCUELA BASICA DE CHILE CHICO,2M,1,6,25,18,3,6,0,0,16,0,3,6,2,4,24,23,11,2,75,17,0.92,-0.036212172654444715,-1,-1,-1,-1,-1,-1,-1,-1
DE AYSEN DEL GENERAL CARLOS IBANEZ DEL CAMPO,CHILE CHICO,ESCUELA BASICA DE CHILE CHICO,2V,0,7,27,14,4,4,1,0,19,1,1,9,5,8,15,23,12,3,76,17,0.61,-0.21467016498923297,-1,-1,-1,-1,-1,-1,-1,-1
DE AYSEN DEL GENERAL CARLOS IBANEZ DEL CAMPO,CHILE CHICO,ESCUELA BASICA DE CHILE CHICO,3M,1,8,24,18,2,9,1,0,12,1,1,0,5,1,29,27,10,2,75,17,0.77,-0.11350927482751812,-1,-1,-1,-1,-1,-1,-1,-1
DE AYSEN DEL GENERAL CARLOS IBANEZ DEL CAMPO,CHILE CHICO,ESCUELA BASICA DE CHILE CHICO,3V,3,0,26,10,4,6,1,2,13,3,0,4,5,8,15,22,8,3,65,17,0.009,-2.0457574905606752,-1,-1,-1,-1,-1,-1,-1,-1
DE AYSEN DEL GENERAL CARLOS IBANEZ DEL CAMPO,CHILE CHICO,ESCUELA BASICA DE CHILE CHICO,4M,1,11,33,30,4,5,0,2,25,2,2,5,8,43,24,24,4,1,111,17,0.74,-0.13076828026902382,-1,-1,-1,-1,-1,-1,-1,-1
DE AYSEN DEL GENERAL CARLOS IBANEZ DEL CAMPO,CHILE CHICO,ESCUELA BASICA DE CHILE CHICO,4V,2,13,23,16,3,9,3,2,16,5,0,10,9,17,26,16,6,3,87,17,0.18,-0.744727494896694,-1,-1,-1,-1,-1,-1,-1,-1
DE AYSEN DEL GENERAL CARLOS IBANEZ DEL CAMPO,CHILE CHICO,ESCUELA BASICA DE CHILE CHICO,5M,3,6,34,21,8,9,1,2,21,3,1,5,8,54,20,10,6,1,105,17,0.16,-0.7958800173440752,-1,-1,-1,-1,-1,-1,-1,-1
DE AYSEN DEL GENERAL CARLOS IBANEZ DEL CAMPO,CHILE CHICO,ESCUELA BASICA DE CHILE CHICO,5V,2,13,35,18,5,11,1,0,16,1,2,9,29,21,17,15,7,1,101,17,0.54,-0.26760624017703144,-1,-1,-1,-1,-1,-1,-1,-1
DE AYSEN DEL GENERAL CARLOS IBANEZ DEL CAMPO,CHILE CHICO,ESCUELA BASICA DE CHILE CHICO,6M,1,11,39,38,4,10,0,8,24,8,3,15,34,42,19,11,5,1,135,17,0.17,-0.769551078621726,-1,-1,-1,-1,-1,-1,-1,-1
DE AYSEN DEL GENERAL CARLOS IBANEZ DEL CAMPO,CHILE CHICO,ESCUELA BASICA DE CHILE CHICO,6V,1,15,44,21,8,10,1,3,22,4,2,26,18,35,16,20,5,2,125,17,0.63,-0.2006594505464183,-1,-1,-1,-1,-1,-1,-1,-1
DE AYSEN DEL GENERAL CARLOS IBANEZ DEL CAMPO,CHILE CHICO,ESCUELA BASICA DE CHILE CHICO,7M,1,14,31,31,3,13,3,1,13,4,2,12,47,19,11,18,1,0,110,17,0.37,-0.431798275933005,-1,-1,-1,-1,-1,-1,-1,-1
DE AYSEN DEL GENERAL CARLOS IBANEZ DEL CAMPO,CHILE CHICO,ESCUELA BASICA DE CHILE CHICO,7V,1,18,29,29,8,7,2,1,10,3,5,12,34,17,15,16,4,2,105,17,0.28,-0.5528419686577808,-1,-1,-1,-1,-1,-1,-1,-1
DE AYSEN DEL GENERAL CARLOS IBANEZ DEL CAMPO,CHILE CHICO,ESCUELA BASICA DE CHILE CHICO,8V,2,16,45,28,6,7,2,1,16,3,6,17,40,22,17,17,4,0,123,17,0.98,-0.00877392430750515,-1,-1,-1,-1,-1,-1,-1,-1
DE AYSEN DEL GENERAL CARLOS IBANEZ DEL CAMPO,CHILE CHICO,ESCUELA BASICA DE CHILE CHICO,9V,0,8,41,30,5,7,0,0,9,0,8,33,29,12,10,4,4,0,100,17,0.31,-0.5086383061657274,-1,-1,-1,-1,-1,-1,-1,-1
DE AYSEN DEL GENERAL CARLOS IBANEZ DEL CAMPO,CISNES,ESCUELA GUIDO GOMEZ MUNOZ,1M,0,13,25,50,7,12,1,3,14,4,0,15,4,4,38,34,24,6,125,10,0.19,-0.721246399047171,-1,-1,-1,-1,-1,-1,-1,-1
DE AYSEN DEL GENERAL CARLOS IBANEZ DEL CAMPO,CISNES,ESCUELA GUIDO GOMEZ MUNOZ,1V,1,20,32,45,7,10,0,0,26,0,2,22,29,18,24,23,19,4,141,10,0.2,-0.6989700043360187,-1,-1,-1,-1,-1,-1,-1,-1
DE AYSEN DEL GENERAL CARLOS IBANEZ DEL CAMPO,CISNES,ESCUELA GUIDO GOMEZ MUNOZ,2M,0,15,24,41,11,9,0,1,17,1,2,5,11,33,50,11,6,0,118,10,0.44,-0.3565473235138126,-1,-1,-1,-1,-1,-1,-1,-1
DE AYSEN DEL GENERAL CARLOS IBANEZ DEL CAMPO,CISNES,ESCUELA GUIDO GOMEZ MUNOZ,2V,4,17,28,32,10,1,1,0,9,1,1,18,33,5,21,15,5,4,102,10,0.022,-1.6575773191777938,-1,-1,-1,-1,-1,-1,-1,-1
DE AYSEN DEL GENERAL CARLOS IBANEZ DEL CAMPO,CISNES,ESCUELA GUIDO GOMEZ MUNOZ,3M,1,26,30,48,5,8,1,1,20,2,4,9,40,52,23,9,2,1,140,10,0.73,-0.1366771398795441,-1,-1,-1,-1,-1,-1,-1,-1
DE AYSEN DEL GENERAL CARLOS IBANEZ DEL CAMPO,CISNES,ESCUELA GUIDO GOMEZ MUNOZ,3V,1,20,28,29,10,8,4,2,11,6,6,16,23,34,21,8,5,0,113,10,0.35,-0.4559319556497244,-1,-1,-1,-1,-1,-1,-1,-1
DE AYSEN DEL GENERAL CARLOS IBANEZ DEL CAMPO,CISNES,ESCUELA GUIDO GOMEZ MUNOZ,4M,1,21,22,16,1,7,1,1,6,2,2,19,35,14,2,3,1,0,76,10,0.02,-1.6989700043360187,-1,-1,-1,-1,-1,-1,-1,-1
DE AYSEN DEL GENERAL CARLOS IBANEZ DEL CAMPO,CISNES,ESCUELA GUIDO GOMEZ MUNOZ,4V,1,22,24,34,7,7,1,3,9,4,1,17,14,39,22,12,1,1,108,10,0.81,-0.09151498112135022,-1,-1,-1,-1,-1,-1,-1,-1
DE AYSEN DEL GENERAL CARLOS IBANEZ DEL CAMPO,CISNES,ESCUELA GUIDO GOMEZ MUNOZ,5V,1,12,24,23,7,10,1,0,2,1,4,24,23,9,9,9,2,0,80,10,0.04,-1.3979400086720375,-1,-1,-1,-1,-1,-1,-1,-1
DE AYSEN DEL GENERAL CARLOS IBANEZ DEL CAMPO,CISNES,ESCUELA GUIDO GOMEZ MUNOZ,6,2,13,16,25,4,2,2,0,7,2,3,14,22,18,11,1,2,0,71,10,0.63,-0.2006594505464183,-1,-1,-1,-1,-1,-1,-1,-1
DE AYSEN DEL GENERAL CARLOS IBANEZ DEL CAMPO,COCHRANE,LICEO BICENTENARIO AUSTRAL LORD COCHRANE,1M,1,10,12,47,5,19,1,6,20,7,0,9,6,2,26,43,25,10,121,13,0.003,-2.5228787452803374,-1,-1,-1,-1,-1,-1,-1,-1
DE AYSEN DEL GENERAL CARLOS IBANEZ DEL CAMPO,COCHRANE,LICEO BICENTENARIO AUSTRAL LORD COCHRANE,1V,1,9,18,39,3,13,3,2,26,5,2,8,16,17,14,30,13,14,114,13,0.41,-0.38721614328026455,-1,-1,-1,-1,-1,-1,-1,-1
DE AYSEN DEL GENERAL CARLOS IBANEZ DEL CAMPO,COCHRANE,LICEO BICENTENARIO AUSTRAL LORD COCHRANE,2M,1,4,27,35,7,12,3,2,26,5,1,6,17,14,31,30,12,5,117,13,0.43,-0.36653154442041347,-1,-1,-1,-1,-1,-1,-1,-1
DE AYSEN DEL GENERAL CARLOS IBANEZ DEL CAMPO,COCHRANE,LICEO BICENTENARIO AUSTRAL LORD COCHRANE,2V,0,7,40,30,4,22,6,0,34,6,2,38,28,1,24,28,14,8,143,13,0.3,-0.5228787452803376,-1,-1,-1,-1,-1,-1,-1,-1
DE AYSEN DEL GENERAL CARLOS IBANEZ DEL CAMPO,COCHRANE,LICEO BICENTENARIO AUSTRAL LORD COCHRANE,3M,1,8,33,47,6,12,2,0,18,2,6,22,19,35,22,16,5,2,127,13,0.51,-0.2924298239020636,-1,-1,-1,-1,-1,-1,-1,-1
DE AYSEN DEL GENERAL CARLOS IBANEZ DEL CAMPO,COCHRANE,LICEO BICENTENARIO AUSTRAL LORD COCHRANE,3V,0,6,21,22,2,3,1,1,11,2,5,12,10,8,13,9,7,3,67,13,0.54,-0.26760624017703144,-1,-1,-1,-1,-1,-1,-1,-1
DE AYSEN DEL GENERAL CARLOS IBANEZ DEL CAMPO,COCHRANE,LICEO BICENTENARIO AUSTRAL LORD COCHRANE,4M,2,9,45,55,4,27,3,3,28,6,0,21,47,58,27,11,9,3,176,13,0.7,-0.1549019599857432,-1,-1,-1,-1,-1,-1,-1,-1
DE AYSEN DEL GENERAL CARLOS IBANEZ DEL CAMPO,COCHRANE,LICEO BICENTENARIO AUSTRAL LORD COCHRANE,4V,1,6,30,21,4,9,3,1,16,4,0,17,21,21,18,9,4,1,91,13,0.56,-0.25181197299379954,-1,-1,-1,-1,-1,-1,-1,-1
DE AYSEN DEL GENERAL CARLOS IBANEZ DEL CAMPO,COCHRANE,LICEO BICENTENARIO AUSTRAL LORD COCHRANE,5M,0,6,26,25,2,14,2,2,22,4,3,11,44,30,5,2,3,1,99,13,0.88,-0.05551732784983137,-1,-1,-1,-1,-1,-1,-1,-1
DE AYSEN DEL GENERAL CARLOS IBANEZ DEL CAMPO,COCHRANE,LICEO BICENTENARIO AUSTRAL LORD COCHRANE,5V,1,8,25,32,2,13,1,2,20,3,4,18,15,29,17,13,6,2,104,13,1.0,0.0,-1,-1,-1,-1,-1,-1,-1,-1
DE AYSEN DEL GENERAL CARLOS IBANEZ DEL CAMPO,COCHRANE,LICEO BICENTENARIO AUSTRAL LORD COCHRANE,6V,2,13,23,24,4,13,3,4,18,7,5,14,33,23,12,11,5,1,104,13,0.16,-0.7958800173440752,-1,-1,-1,-1,-1,-1,-1,-1
DE AYSEN DEL GENERAL CARLOS IBANEZ DEL CAMPO,COCHRANE,LICEO BICENTENARIO AUSTRAL LORD COCHRANE,7V,1,7,27,25,5,10,1,1,20,2,7,16,32,19,9,7,3,4,97,13,0.8,-0.09691001300805639,-1,-1,-1,-1,-1,-1,-1,-1
DE AYSEN DEL GENERAL CARLOS IBANEZ DEL CAMPO,COCHRANE,LICEO BICENTENARIO AUSTRAL LORD COCHRANE,8,1,8,30,26,1,9,0,0,5,0,7,20,23,18,4,6,2,0,80,13,0.005,-2.3010299956639813,-1,-1,-1,-1,-1,-1,-1,-1
DE AYSEN DEL GENERAL CARLOS IBANEZ DEL CAMPO,CORCOVADO,ESCUELA AMANDA LABARCA HUBERSTONE,1M-1V,2,15,17,26,13,7,2,2,11,4,0,5,28,17,26,16,3,0,95,1,1.0,0.0,-1,-1,-1,-1,-1,-1,-1,-1
DE AYSEN DEL GENERAL CARLOS IBANEZ DEL CAMPO,COYHAIQUE,COLEGIO ANTOINE DE SAINT EXUPERY,72V,2,8,31,26,2,17,0,1,7,1,4,32,22,22,7,5,1,1,94,159,0.04,-1.3979400086720375,-1,-1,-1,-1,-1,-1,-1,-1
DE AYSEN DEL GENERAL CARLOS IBANEZ DEL CAMPO,COYHAIQUE,COLEGIO ANTOINE DE SAINT EXUPERY,73V,1,16,33,33,5,12,1,1,13,2,6,31,20,34,11,10,2,1,115,159,1.0,0.0,-1,-1,-1,-1,-1,-1,-1,-1
DE AYSEN DEL GENERAL CARLOS IBANEZ DEL CAMPO,COYHAIQUE,COLEGIO ANTOINE DE SAINT EXUPERY,74V,3,27,59,58,7,11,0,0,26,0,0,42,34,59,33,18,5,0,191,159,0.31,-0.5086383061657274,-1,-1,-1,-1,-1,-1,-1,-1
DE AYSEN DEL GENERAL CARLOS IBANEZ DEL CAMPO,COYHAIQUE,COLEGIO ANTOINE DE SAINT EXUPERY,75V,3,14,30,38,8,7,0,2,12,2,10,34,22,24,13,10,1,0,114,159,0.19,-0.721246399047171,-1,-1,-1,-1,-1,-1,-1,-1
DE AYSEN DEL GENERAL CARLOS IBANEZ DEL CAMPO,COYHAIQUE,COLEGIO ANTOINE DE SAINT EXUPERY,76V,1,17,36,33,1,8,1,0,13,1,7,40,29,18,9,4,2,1,110,159,0.77,-0.11350927482751812,-1,-1,-1,-1,-1,-1,-1,-1
DE AYSEN DEL GENERAL CARLOS IBANEZ DEL CAMPO,COYHAIQUE,COLEGIO ANTOINE DE SAINT EXUPERY,77V,3,13,27,32,8,12,1,2,15,3,6,26,26,32,15,7,2,0,113,159,0.31,-0.5086383061657274,-1,-1,-1,-1,-1,-1,-1,-1
DE AYSEN DEL GENERAL CARLOS IBANEZ DEL CAMPO,COYHAIQUE,COLEGIO ANTOINE DE SAINT EXUPERY,78V,0,21,37,50,2,14,0,1,23,1,2,31,30,42,26,13,3,1,148,159,0.38,-0.42021640338318983,-1,-1,-1,-1,-1,-1,-1,-1
DE AYSEN DEL GENERAL CARLOS IBANEZ DEL CAMPO,COYHAIQUE,COLEGIO ANTOINE DE SAINT EXUPERY,79V,2,20,52,42,7,11,0,2,19,2,3,34,36,37,29,15,1,0,155,159,0.86,-0.06550154875643228,-1,-1,-1,-1,-1,-1,-1,-1
DE AYSEN DEL GENERAL CARLOS IBANEZ DEL CAMPO,COYHAIQUE,COLEGIO ANTOINE DE SAINT EXUPERY,80V,2,25,46,52,4,15,0,1,20,1,4,24,50,47,21,11,7,1,165,159,0.78,-0.10790539730951958,-1,-1,-1,-1,-1,-1,-1,-1
DE AYSEN DEL GENERAL CARLOS IBANEZ DEL CAMPO,COYHAIQUE,COLEGIO ANTOINE DE SAINT EXUPERY,81V,6,17,46,55,6,15,0,0,23,0,5,26,29,52,37,13,3,3,168,159,0.09,-1.0457574905606752,-1,-1,-1,-1,-1,-1,-1,-1
DE AYSEN DEL GENERAL CARLOS IBANEZ DEL CAMPO,COYHAIQUE,COLEGIO ANTOINE DE SAINT EXUPERY,82V,5,11,57,71,7,19,1,0,26,1,4,24,37,73,29,19,8,3,197,159,0.03,-1.5228787452803376,-1,-1,-1,-1,-1,-1,-1,-1
DE AYSEN DEL GENERAL CARLOS IBANEZ DEL CAMPO,COYHAIQUE,COLEGIO ANTOINE DE SAINT EXUPERY,83V,1,16,54,52,9,18,1,1,21,2,7,20,40,46,38,15,6,1,173,159,0.56,-0.25181197299379954,-1,-1,-1,-1,-1,-1,-1,-1
DE AYSEN DEL GENERAL CARLOS IBANEZ DEL CAMPO,COYHAIQUE,COLEGIO ANTOINE DE SAINT EXUPERY,84V,2,18,48,60,10,21,0,1,16,1,6,23,47,49,27,18,4,2,176,159,0.29,-0.5376020021010439,-1,-1,-1,-1,-1,-1,-1,-1
DE AYSEN DEL GENERAL CARLOS IBANEZ DEL CAMPO,COYHAIQUE,COLEGIO ANTOINE DE SAINT EXUPERY,85V,8,22,45,34,5,10,1,0,21,1,3,29,41,44,15,6,5,2,146,159,0.04,-1.3979400086720375,-1,-1,-1,-1,-1,-1,-1,-1
DE AYSEN DEL GENERAL CARLOS IBANEZ DEL CAMPO,COYHAIQUE,COLEGIO ANTOINE DE SAINT EXUPERY,86V,5,23,43,66,7,20,0,0,26,0,11,20,59,46,26,20,6,2,190,159,0.25,-0.6020599913279624,-1,-1,-1,-1,-1,-1,-1,-1
DE AYSEN DEL GENERAL CARLOS IBANEZ DEL CAMPO,COYHAIQUE,COLEGIO ANTOINE DE SAINT EXUPERY,87V,1,18,66,46,7,19,0,0,23,0,5,22,57,53,22,14,5,2,180,159,0.15,-0.8239087409443188,-1,-1,-1,-1,-1,-1,-1,-1
DE AYSEN DEL GENERAL CARLOS IBANEZ DEL CAMPO,COYHAIQUE,COLEGIO ANTOINE DE SAINT EXUPERY,88V,0,18,52,66,3,18,1,1,14,2,6,15,45,57,25,18,6,0,173,159,0.011,-1.958607314841775,-1,-1,-1,-1,-1,-1,-1,-1
DE AYSEN DEL GENERAL CARLOS IBANEZ DEL CAMPO,COYHAIQUE,COLEGIO ANTOINE DE SAINT EXUPERY,89V,1,35,53,65,10,19,0,1,21,1,4,29,67,64,24,13,3,1,205,159,0.58,-0.23657200643706275,-1,-1,-1,-1,-1,-1,-1,-1
DE AYSEN DEL GENERAL CARLOS IBANEZ DEL CAMPO,COYHAIQUE,ESCUELA BAQUEDANO,39M,1,29,29,37,9,18,1,0,23,1,4,8,33,45,33,17,6,1,147,159,0.13,-0.8860566476931632,-1,-1,-1,-1,-1,-1,-1,-1
DE AYSEN DEL GENERAL CARLOS IBANEZ DEL CAMPO,COYHAIQUE,ESCUELA BAQUEDANO,40M,1,23,43,43,11,18,0,3,29,3,6,10,41,72,23,13,5,1,171,159,0.63,-0.2006594505464183,-1,-1,-1,-1,-1,-1,-1,-1
DE AYSEN DEL GENERAL CARLOS IBANEZ DEL CAMPO,COYHAIQUE,ESCUELA BAQUEDANO,41M,1,16,37,44,5,15,1,0,25,1,3,6,31,67,24,8,5,0,144,159,0.97,-0.01322826573375516,-1,-1,-1,-1,-1,-1,-1,-1
DE AYSEN DEL GENERAL CARLOS IBANEZ DEL CAMPO,COYHAIQUE,ESCUELA BAQUEDANO,42M,2,15,38,47,12,13,1,1,30,2,1,15,36,49,25,27,6,0,159,159,0.65,-0.18708664335714442,-1,-1,-1,-1,-1,-1,-1,-1
DE AYSEN DEL GENERAL CARLOS IBANEZ DEL CAMPO,COYHAIQUE,ESCUELA BAQUEDANO,43M,0,21,37,50,6,25,0,2,31,2,7,9,21,74,38,16,6,1,172,159,0.5,-0.3010299956639812,-1,-1,-1,-1,-1,-1,-1,-1
DE AYSEN DEL GENERAL CARLOS IBANEZ DEL CAMPO,COYHAIQUE,ESCUELA BAQUEDANO,44M,3,17,47,46,8,15,0,2,24,2,5,14,43,61,23,10,4,2,162,159,0.94,-0.026872146400301365,-1,-1,-1,-1,-1,-1,-1,-1
DE AYSEN DEL GENERAL CARLOS IBANEZ DEL CAMPO,COYHAIQUE,ESCUELA BAQUEDANO,45M,1,28,30,50,9,15,1,2,27,3,3,5,28,76,30,12,6,3,163,159,0.03,-1.5228787452803376,-1,-1,-1,-1,-1,-1,-1,-1
DE AYSEN DEL GENERAL CARLOS IBANEZ DEL CAMPO,COYHAIQUE,ESCUELA BAQUEDANO,46M,0,33,36,50,7,21,2,3,26,5,0,13,49,64,34,16,3,0,178,159,0.024,-1.6197887582883939,-1,-1,-1,-1,-1,-1,-1,-1
DE AYSEN DEL GENERAL CARLOS IBANEZ DEL CAMPO,COYHAIQUE,ESCUELA BAQUEDANO,47M,2,18,47,41,10,19,0,0,33,0,0,10,34,60,47,12,6,1,170,159,0.74,-0.13076828026902382,-1,-1,-1,-1,-1,-1,-1,-1
DE AYSEN DEL GENERAL CARLOS IBANEZ DEL CAMPO,COYHAIQUE,ESCUELA BAQUEDANO,48M,0,25,43,52,8,24,1,0,22,1,9,20,50,47,28,16,3,2,175,159,0.65,-0.18708664335714442,-1,-1,-1,-1,-1,-1,-1,-1
DE AYSEN DEL GENERAL CARLOS IBANEZ DEL CAMPO,COYHAIQUE,ESCUELA BAQUEDANO,49M,1,19,40,53,11,23,0,3,32,3,6,13,28,73,30,22,9,2,182,159,0.83,-0.08092190762392612,-1,-1,-1,-1,-1,-1,-1,-1
DE AYSEN DEL GENERAL CARLOS IBANEZ DEL CAMPO,COYHAIQUE,ESCUELA BAQUEDANO,50M,1,22,42,35,9,22,1,0,31,1,2,12,57,50,17,17,7,1,163,159,0.36,-0.44369749923271273,-1,-1,-1,-1,-1,-1,-1,-1
DE AYSEN DEL GENERAL CARLOS IBANEZ DEL CAMPO,COYHAIQUE,ESCUELA BAQUEDANO,51M,2,19,46,47,8,20,0,0,23,0,6,9,61,44,22,19,0,4,165,159,0.96,-0.017728766960431602,-1,-1,-1,-1,-1,-1,-1,-1
DE AYSEN DEL GENERAL CARLOS IBANEZ DEL CAMPO,COYHAIQUE,ESCUELA BAQUEDANO,52M,1,27,41,56,8,18,1,1,25,2,1,17,58,66,20,11,4,0,178,159,0.81,-0.09151498112135022,-1,-1,-1,-1,-1,-1,-1,-1
DE AYSEN DEL GENERAL CARLOS IBANEZ DEL CAMPO,COYHAIQUE,ESCUELA BAQUEDANO,53M,3,20,49,48,8,26,0,1,36,1,0,8,65,66,28,17,5,2,191,159,0.84,-0.07572071393811836,-1,-1,-1,-1,-1,-1,-1,-1
DE AYSEN DEL GENERAL CARLOS IBANEZ DEL CAMPO,COYHAIQUE,ESCUELA BAQUEDANO,54M,0,14,54,45,14,28,0,0,26,0,2,10,56,69,25,14,4,1,181,159,0.04,-1.3979400086720375,-1,-1,-1,-1,-1,-1,-1,-1
DE AYSEN DEL GENERAL CARLOS IBANEZ DEL CAMPO,COYHAIQUE,ESCUELA BAQUEDANO,55M,3,22,52,40,12,23,0,1,31,1,2,13,61,65,29,12,2,0,184,159,0.58,-0.23657200643706275,-1,-1,-1,-1,-1,-1,-1,-1
DE AYSEN DEL GENERAL CARLOS IBANEZ DEL CAMPO,COYHAIQUE,ESCUELA PARTICULAR NADEG1 MATER DEI,56M,3,23,45,56,10,15,0,1,28,1,6,16,60,57,23,16,3,0,181,159,0.88,-0.05551732784983137,-1,-1,-1,-1,-1,-1,-1,-1
DE AYSEN DEL GENERAL CARLOS IBANEZ DEL CAMPO,COYHAIQUE,ESCUELA PARTICULAR NADEG1 MATER DEI,57M,1,15,62,53,6,25,2,1,36,3,3,18,72,60,28,13,3,4,201,159,0.09,-1.0457574905606752,-1,-1,-1,-1,-1,-1,-1,-1
DE AYSEN DEL GENERAL CARLOS IBANEZ DEL CAMPO,COYHAIQUE,ESCUELA PARTICULAR NADEG1 MATER DEI,58M,2,19,52,52,8,31,0,4,35,4,5,21,76,52,25,17,5,1,203,159,0.21,-0.6777807052660807,-1,-1,-1,-1,-1,-1,-1,-1
DE AYSEN DEL GENERAL CARLOS IBANEZ DEL CAMPO,COYHAIQUE,ESCUELA PARTICULAR NADEG1 MATER DEI,59M,1,17,46,70,8,31,0,1,29,1,2,17,84,48,28,20,3,1,203,159,0.12,-0.9208187539523752,-1,-1,-1,-1,-1,-1,-1,-1
DE AYSEN DEL GENERAL CARLOS IBANEZ DEL CAMPO,COYHAIQUE,ESCUELA PARTICULAR NADEG1 MATER DEI,60M,5,23,50,50,11,28,0,3,25,3,7,13,58,62,37,16,2,0,195,159,0.35,-0.4559319556497244,-1,-1,-1,-1,-1,-1,-1,-1
DE AYSEN DEL GENERAL CARLOS IBANEZ DEL CAMPO,COYHAIQUE,ESCUELA PARTICULAR NADEG1 MATER DEI,61M,2,24,60,50,12,32,2,0,26,2,2,33,90,55,13,13,2,0,208,159,0.47,-0.3279021420642826,-1,-1,-1,-1,-1,-1,-1,-1
DE AYSEN DEL GENERAL CARLOS IBANEZ DEL CAMPO,COYHAIQUE,ESCUELA PARTICULAR NADEG1 MATER DEI,90V,3,21,61,45,1,22,1,2,14,3,6,55,67,24,11,7,0,0,170,159,0.02,-1.6989700043360187,-1,-1,-1,-1,-1,-1,-1,-1
DE AYSEN DEL GENERAL CARLOS IBANEZ DEL CAMPO,COYHAIQUE,ESCUELA PARTICULAR NADEG1 MATER DEI,91,4,26,31,36,8,11,0,4,9,4,1,15,100,7,4,1,0,1,129,159,0.17,-0.769551078621726,-1,-1,-1,-1,-1,-1,-1,-1
DE AYSEN DEL GENERAL CARLOS IBANEZ DEL CAMPO,COYHAIQUE,ESCUELA PARTICULAR NADEG1 MATER DEI,92,2,28,31,31,4,6,0,0,3,0,2,30,64,4,3,2,0,0,105,159,0.09,-1.0457574905606752,-1,-1,-1,-1,-1,-1,-1,-1
DE AYSEN DEL GENERAL CARLOS IBANEZ DEL CAMPO,COYHAIQUE,ESCUELA PARTICULAR NADEG1 MATER DEI,93,0,40,27,23,6,13,0,1,11,1,4,80,16,16,4,1,0,0,121,159,0.0036,-2.4436974992327127,-1,-1,-1,-1,-1,-1,-1,-1
DE AYSEN DEL GENERAL CARLOS IBANEZ DEL CAMPO,COYHAIQUE,ESCUELA PARTICULAR NADEG1 MATER DEI,94,2,33,28,35,5,4,1,1,10,2,7,85,10,12,3,1,0,0,119,159,0.07,-1.154901959985743,-1,-1,-1,-1,-1,-1,-1,-1
DE AYSEN DEL GENERAL CARLOS IBANEZ DEL CAMPO,COYHAIQUE,ESCUELA PARTICULAR NADEG1 MATER DEI,95,2,22,36,25,9,9,0,1,6,1,3,84,11,7,2,2,1,0,110,159,0.36,-0.44369749923271273,-1,-1,-1,-1,-1,-1,-1,-1
DE AYSEN DEL GENERAL CARLOS IBANEZ DEL CAMPO,COYHAIQUE,ESCUELA PARTICULAR NADEG1 MATER DEI,96,1,48,39,32,5,10,0,0,8,0,4,100,23,10,1,3,1,0,143,159,0.02,-1.6989700043360187,-1,-1,-1,-1,-1,-1,-1,-1
DE AYSEN DEL GENERAL CARLOS IBANEZ DEL CAMPO,COYHAIQUE,ESCUELA PARTICULAR NADEG1 MATER DEI,97,0,20,11,14,3,6,0,0,8,0,6,29,14,9,3,1,0,0,62,159,0.1,-1.0,-1,-1,-1,-1,-1,-1,-1,-1
DE AYSEN DEL GENERAL CARLOS IBANEZ DEL CAMPO,COYHAIQUE,ESCUELA PARTICULAR NADEG1 MATER DEI,98,4,12,33,35,5,10,0,1,14,1,7,36,32,19,11,4,3,1,114,159,0.33,-0.4814860601221125,-1,-1,-1,-1,-1,-1,-1,-1
DE AYSEN DEL GENERAL CARLOS IBANEZ DEL CAMPO,COYHAIQUE,ESCUELA PARTICULAR NADEG1 MATER DEI,99,2,10,54,50,5,24,1,3,22,4,4,36,55,41,19,10,6,0,171,159,0.018,-1.744727494896694,-1,-1,-1,-1,-1,-1,-1,-1
DE AYSEN DEL GENERAL CARLOS IBANEZ DEL CAMPO,COYHAIQUE,ESCUELA PARTICULAR SAN JOSE OBRERO,19M,1,10,30,41,7,8,2,3,25,5,1,4,6,14,42,39,13,7,127,159,0.44,-0.3565473235138126,-1,-1,-1,-1,-1,-1,-1,-1
DE AYSEN DEL GENERAL CARLOS IBANEZ DEL CAMPO,COYHAIQUE,ESCUELA PARTICULAR SAN JOSE OBRERO,20M,0,5,34,22,7,14,1,1,17,2,2,7,7,2,40,28,11,4,101,159,0.02,-1.6989700043360187,-1,-1,-1,-1,-1,-1,-1,-1
DE AYSEN DEL GENERAL CARLOS IBANEZ DEL CAMPO,COYHAIQUE,ESCUELA PARTICULAR SAN JOSE OBRERO,21M,0,14,34,42,3,14,1,4,19,5,3,5,7,20,47,27,16,5,131,159,0.14,-0.8538719643217619,-1,-1,-1,-1,-1,-1,-1,-1
DE AYSEN DEL GENERAL CARLOS IBANEZ DEL CAMPO,COYHAIQUE,ESCUELA PARTICULAR SAN JOSE OBRERO,22M,2,13,24,47,8,12,0,2,23,2,3,6,9,20,33,35,16,9,131,159,0.69,-0.16115090926274472,-1,-1,-1,-1,-1,-1,-1,-1
DE AYSEN DEL GENERAL CARLOS IBANEZ DEL CAMPO,COYHAIQUE,ESCUELA PARTICULAR SAN JOSE OBRERO,23M,1,9,29,36,8,16,0,2,27,2,6,8,2,21,38,31,18,5,128,159,0.94,-0.026872146400301365,-1,-1,-1,-1,-1,-1,-1,-1
DE AYSEN DEL GENERAL CARLOS IBANEZ DEL CAMPO,COYHAIQUE,ESCUELA PARTICULAR SAN JOSE OBRERO,24M,5,16,30,39,5,6,1,0,31,1,4,9,8,28,29,31,20,4,133,159,0.06,-1.2218487496163564,-1,-1,-1,-1,-1,-1,-1,-1
DE AYSEN DEL GENERAL CARLOS IBANEZ DEL CAMPO,COYHAIQUE,ESCUELA PARTICULAR SAN JOSE OBRERO,25M,0,16,33,41,6,18,0,1,30,1,4,11,7,29,31,45,11,7,145,159,0.81,-0.09151498112135022,-1,-1,-1,-1,-1,-1,-1,-1
DE AYSEN DEL GENERAL CARLOS IBANEZ DEL CAMPO,COYHAIQUE,ESCUELA PARTICULAR SAN JOSE OBRERO,26M,2,23,27,46,9,13,1,0,29,1,3,8,8,35,37,39,16,4,150,159,0.13,-0.8860566476931632,-1,-1,-1,-1,-1,-1,-1,-1
DE AYSEN DEL GENERAL CARLOS IBANEZ DEL CAMPO,COYHAIQUE,ESCUELA PARTICULAR SAN JOSE OBRERO,27M,0,13,36,31,1,15,0,0,30,0,2,6,8,19,39,44,7,1,126,159,0.04,-1.3979400086720375,-1,-1,-1,-1,-1,-1,-1,-1
DE AYSEN DEL GENERAL CARLOS IBANEZ DEL CAMPO,COYHAIQUE,ESCUELA PARTICULAR SAN JOSE OBRERO,28M,2,17,29,40,11,16,1,2,23,3,3,7,3,41,35,29,18,4,141,159,0.18,-0.744727494896694,-1,-1,-1,-1,-1,-1,-1,-1
DE AYSEN DEL GENERAL CARLOS IBANEZ DEL CAMPO,COYHAIQUE,ESCUELA PARTICULAR SAN JOSE OBRERO,29M,1,21,33,45,7,18,1,0,32,1,3,7,4,35,51,40,15,2,158,159,0.58,-0.23657200643706275,-1,-1,-1,-1,-1,-1,-1,-1
DE AYSEN DEL GENERAL CARLOS IBANEZ DEL CAMPO,COYHAIQUE,ESCUELA PARTICULAR SAN JOSE OBRERO,30M,1,14,20,31,14,7,2,0,22,2,7,2,8,13,38,31,11,1,111,159,0.07,-1.154901959985743,-1,-1,-1,-1,-1,-1,-1,-1
DE AYSEN DEL GENERAL CARLOS IBANEZ DEL CAMPO,COYHAIQUE,ESCUELA PARTICULAR SAN JOSE OBRERO,31M,0,16,30,60,12,15,1,1,14,2,8,6,27,10,36,37,17,7,149,159,0.007,-2.154901959985743,-1,-1,-1,-1,-1,-1,-1,-1
DE AYSEN DEL GENERAL CARLOS IBANEZ DEL CAMPO,COYHAIQUE,ESCUELA PARTICULAR SAN JOSE OBRERO,32M,1,15,30,35,8,16,0,2,24,2,1,7,34,8,33,32,15,2,131,159,0.97,-0.01322826573375516,-1,-1,-1,-1,-1,-1,-1,-1
DE AYSEN DEL GENERAL CARLOS IBANEZ DEL CAMPO,COYHAIQUE,ESCUELA PARTICULAR SAN JOSE OBRERO,33M,1,12,28,52,10,17,3,4,29,7,4,5,27,10,68,31,10,1,156,159,0.08,-1.0969100130080565,-1,-1,-1,-1,-1,-1,-1,-1
DE AYSEN DEL GENERAL CARLOS IBANEZ DEL CAMPO,COYHAIQUE,ESCUELA PARTICULAR SAN JOSE OBRERO,34M,2,17,35,38,6,16,0,2,25,2,1,5,29,6,63,22,11,4,141,159,0.88,-0.05551732784983137,-1,-1,-1,-1,-1,-1,-1,-1
DE AYSEN DEL GENERAL CARLOS IBANEZ DEL CAMPO,COYHAIQUE,ESCUELA PARTICULAR SAN JOSE OBRERO,35M,3,10,39,40,8,15,1,0,36,1,3,7,32,41,40,22,6,0,152,159,0.31,-0.5086383061657274,-1,-1,-1,-1,-1,-1,-1,-1
DE AYSEN DEL GENERAL CARLOS IBANEZ DEL CAMPO,COYHAIQUE,ESCUELA PARTICULAR SAN JOSE OBRERO,36M,1,16,40,35,6,15,0,3,26,3,2,8,24,50,37,20,0,1,142,159,0.94,-0.026872146400301365,-1,-1,-1,-1,-1,-1,-1,-1
DE AYSEN DEL GENERAL CARLOS IBANEZ DEL CAMPO,COYHAIQUE,ESCUELA PARTICULAR SAN JOSE OBRERO,37M,1,19,24,40,8,15,1,0,31,1,4,6,29,43,38,15,4,1,139,159,0.39,-0.4089353929735008,-1,-1,-1,-1,-1,-1,-1,-1
DE AYSEN DEL GENERAL CARLOS IBANEZ DEL CAMPO,COYHAIQUE,ESCUELA PARTICULAR SAN JOSE OBRERO,38M,3,21,34,53,7,13,2,3,23,5,4,10,38,46,33,20,7,1,159,159,0.17,-0.769551078621726,-1,-1,-1,-1,-1,-1,-1,-1
DE AYSEN DEL GENERAL CARLOS IBANEZ DEL CAMPO,COYHAIQUE,ESCUELA PEDRO QUINTANA MANSILLA,10M,0,3,30,41,3,12,3,2,30,5,1,7,3,3,33,52,19,6,124,159,0.14,-0.8538719643217619,-1,-1,-1,-1,-1,-1,-1,-1
DE AYSEN DEL GENERAL CARLOS IBANEZ DEL CAMPO,COYHAIQUE,ESCUELA PEDRO QUINTANA MANSILLA,11M,1,9,21,39,6,15,1,4,30,5,2,3,4,4,38,50,18,7,126,159,0.76,-0.11918640771920865,-1,-1,-1,-1,-1,-1,-1,-1
DE AYSEN DEL GENERAL CARLOS IBANEZ DEL CAMPO,COYHAIQUE,ESCUELA PEDRO QUINTANA MANSILLA,12M,2,11,31,30,8,9,2,2,21,4,2,6,13,7,34,33,20,2,116,159,0.33,-0.4814860601221125,-1,-1,-1,-1,-1,-1,-1,-1
DE AYSEN DEL GENERAL CARLOS IBANEZ DEL CAMPO,COYHAIQUE,ESCUELA PEDRO QUINTANA MANSILLA,13M,5,10,29,58,0,11,1,2,28,3,3,9,13,12,41,40,21,6,144,159,0.0015,-2.8239087409443187,-1,-1,-1,-1,-1,-1,-1,-1
DE AYSEN DEL GENERAL CARLOS IBANEZ DEL CAMPO,COYHAIQUE,ESCUELA PEDRO QUINTANA MANSILLA,14M,2,10,22,37,5,9,2,1,31,3,1,7,3,8,33,43,19,5,119,159,0.9,-0.045757490560675115,-1,-1,-1,-1,-1,-1,-1,-1
DE AYSEN DEL GENERAL CARLOS IBANEZ DEL CAMPO,COYHAIQUE,ESCUELA PEDRO QUINTANA MANSILLA,15M,0,9,19,40,5,10,1,1,37,2,4,6,8,3,41,42,15,3,122,159,0.59,-0.22914798835785583,-1,-1,-1,-1,-1,-1,-1,-1
DE AYSEN DEL GENERAL CARLOS IBANEZ DEL CAMPO,COYHAIQUE,ESCUELA PEDRO QUINTANA MANSILLA,16M,4,11,31,37,5,11,1,2,34,3,4,4,6,11,44,43,16,8,136,159,0.5,-0.3010299956639812,-1,-1,-1,-1,-1,-1,-1,-1
DE AYSEN DEL GENERAL CARLOS IBANEZ DEL CAMPO,COYHAIQUE,ESCUELA PEDRO QUINTANA MANSILLA,17M,1,16,30,39,11,12,0,0,29,0,4,5,7,14,51,34,18,5,138,159,0.49,-0.3098039199714863,-1,-1,-1,-1,-1,-1,-1,-1
DE AYSEN DEL GENERAL CARLOS IBANEZ DEL CAMPO,COYHAIQUE,ESCUELA PEDRO QUINTANA MANSILLA,18M,3,9,25,39,11,13,0,1,26,1,1,5,6,14,36,49,14,2,127,159,0.49,-0.3098039199714863,-1,-1,-1,-1,-1,-1,-1,-1
DE AYSEN DEL GENERAL CARLOS IBANEZ DEL CAMPO,COYHAIQUE,ESCUELA PEDRO QUINTANA MANSILLA,1M,1,7,28,55,4,16,0,0,20,0,4,9,11,6,14,40,30,17,131,159,0.37,-0.431798275933005,-1,-1,-1,-1,-1,-1,-1,-1
DE AYSEN DEL GENERAL CARLOS IBANEZ DEL CAMPO,COYHAIQUE,ESCUELA PEDRO QUINTANA MANSILLA,2M,2,4,19,35,6,13,0,1,24,1,2,6,10,2,24,31,20,9,104,159,0.82,-0.08618614761628333,-1,-1,-1,-1,-1,-1,-1,-1
DE AYSEN DEL GENERAL CARLOS IBANEZ DEL CAMPO,COYHAIQUE,ESCUELA PEDRO QUINTANA MANSILLA,3M,0,9,20,35,5,14,0,0,25,0,3,9,8,8,11,42,24,3,108,159,0.86,-0.06550154875643228,-1,-1,-1,-1,-1,-1,-1,-1
DE AYSEN DEL GENERAL CARLOS IBANEZ DEL CAMPO,COYHAIQUE,ESCUELA PEDRO QUINTANA MANSILLA,4M,0,3,27,43,3,10,1,2,33,3,7,4,2,1,33,34,35,6,122,159,0.38,-0.42021640338318983,-1,-1,-1,-1,-1,-1,-1,-1
DE AYSEN DEL GENERAL CARLOS IBANEZ DEL CAMPO,COYHAIQUE,ESCUELA PEDRO QUINTANA MANSILLA,5M,0,10,29,41,6,9,1,0,38,1,5,7,5,6,31,40,30,10,134,159,0.61,-0.21467016498923297,-1,-1,-1,-1,-1,-1,-1,-1
DE AYSEN DEL GENERAL CARLOS IBANEZ DEL CAMPO,COYHAIQUE,ESCUELA PEDRO QUINTANA MANSILLA,6M,0,5,24,38,11,24,5,1,23,6,3,7,12,7,20,44,31,7,131,159,0.004,-2.3979400086720375,-1,-1,-1,-1,-1,-1,-1,-1
DE AYSEN DEL GENERAL CARLOS IBANEZ DEL CAMPO,COYHAIQUE,ESCUELA PEDRO QUINTANA MANSILLA,7M,2,12,21,42,2,14,0,2,34,2,4,4,4,5,28,47,30,6,129,159,0.53,-0.27572413039921095,-1,-1,-1,-1,-1,-1,-1,-1
DE AYSEN DEL GENERAL CARLOS IBANEZ DEL CAMPO,COYHAIQUE,ESCUELA PEDRO QUINTANA MANSILLA,8M,3,6,30,35,3,15,0,0,24,0,5,8,6,3,31,41,15,7,116,159,0.19,-0.721246399047171,-1,-1,-1,-1,-1,-1,-1,-1
DE AYSEN DEL GENERAL CARLOS IBANEZ DEL CAMPO,COYHAIQUE,ESCUELA PEDRO QUINTANA MANSILLA,9M,4,11,23,41,9,13,0,0,29,0,2,4,12,8,28,45,25,6,130,159,0.33,-0.4814860601221125,-1,-1,-1,-1,-1,-1,-1,-1
DE AYSEN DEL GENERAL CARLOS IBANEZ DEL CAMPO,COYHAIQUE,LICEO JOSEFINA AGUIRRE MONTENEGRO,10V,2,12,25,31,4,8,0,1,30,1,2,10,17,11,27,31,9,7,113,159,0.72,-0.14266750356873156,-1,-1,-1,-1,-1,-1,-1,-1
DE AYSEN DEL GENERAL CARLOS IBANEZ DEL CAMPO,COYHAIQUE,LICEO JOSEFINA AGUIRRE MONTENEGRO,11V,1,6,36,32,3,17,1,0,27,1,4,5,10,25,24,34,17,4,123,159,0.28,-0.5528419686577808,-1,-1,-1,-1,-1,-1,-1,-1
DE AYSEN DEL GENERAL CARLOS IBANEZ DEL CAMPO,COYHAIQUE,LICEO JOSEFINA AGUIRRE MONTENEGRO,12V,1,6,26,36,4,11,0,1,22,1,0,2,10,24,23,30,16,2,107,159,0.98,-0.00877392430750515,-1,-1,-1,-1,-1,-1,-1,-1
DE AYSEN DEL GENERAL CARLOS IBANEZ DEL CAMPO,COYHAIQUE,LICEO JOSEFINA AGUIRRE MONTENEGRO,13V,1,6,19,32,5,13,0,0,27,0,0,10,4,17,27,31,11,4,103,159,0.67,-0.17392519729917355,-1,-1,-1,-1,-1,-1,-1,-1
DE AYSEN DEL GENERAL CARLOS IBANEZ DEL CAMPO,COYHAIQUE,LICEO JOSEFINA AGUIRRE MONTENEGRO,14V,0,13,30,33,9,12,2,2,23,4,1,14,14,7,38,32,12,6,124,159,0.68,-0.16749108729376366,-1,-1,-1,-1,-1,-1,-1,-1
DE AYSEN DEL GENERAL CARLOS IBANEZ DEL CAMPO,COYHAIQUE,LICEO JOSEFINA AGUIRRE MONTENEGRO,15V,2,8,31,42,6,12,2,1,31,3,4,5,13,30,29,26,21,6,135,159,0.81,-0.09151498112135022,-1,-1,-1,-1,-1,-1,-1,-1
DE AYSEN DEL GENERAL CARLOS IBANEZ DEL CAMPO,COYHAIQUE,LICEO JOSEFINA AGUIRRE MONTENEGRO,1V,1,11,16,38,4,8,0,1,18,1,5,10,10,7,7,27,23,8,97,159,0.88,-0.05551732784983137,-1,-1,-1,-1,-1,-1,-1,-1
DE AYSEN DEL GENERAL CARLOS IBANEZ DEL CAMPO,COYHAIQUE,LICEO JOSEFINA AGUIRRE MONTENEGRO,2V,2,6,16,31,3,6,0,0,19,0,1,13,4,2,11,27,17,8,83,159,0.88,-0.05551732784983137,-1,-1,-1,-1,-1,-1,-1,-1
DE AYSEN DEL GENERAL CARLOS IBANEZ DEL CAMPO,COYHAIQUE,LICEO JOSEFINA AGUIRRE MONTENEGRO,3V,2,3,8,38,0,8,0,0,11,0,3,7,4,3,8,26,13,6,70,159,0.02,-1.6989700043360187,-1,-1,-1,-1,-1,-1,-1,-1
DE AYSEN DEL GENERAL CARLOS IBANEZ DEL CAMPO,COYHAIQUE,LICEO JOSEFINA AGUIRRE MONTENEGRO,4V,2,2,12,23,0,13,0,1,2,1,3,7,6,5,8,17,8,2,55,159,0.0004,-3.3979400086720375,-1,-1,-1,-1,-1,-1,-1,-1
DE AYSEN DEL GENERAL CARLOS IBANEZ DEL CAMPO,COYHAIQUE,LICEO JOSEFINA AGUIRRE MONTENEGRO,5V,0,6,15,26,2,10,1,2,14,3,2,3,3,4,12,30,13,9,76,159,0.59,-0.22914798835785583,-1,-1,-1,-1,-1,-1,-1,-1
DE AYSEN DEL GENERAL CARLOS IBANEZ DEL CAMPO,COYHAIQUE,LICEO JOSEFINA AGUIRRE MONTENEGRO,6V,0,7,19,32,4,8,0,2,18,2,4,8,5,8,20,31,14,0,90,159,1.0,0.0,-1,-1,-1,-1,-1,-1,-1,-1
DE AYSEN DEL GENERAL CARLOS IBANEZ DEL CAMPO,COYHAIQUE,LICEO JOSEFINA AGUIRRE MONTENEGRO,7V,0,6,23,20,3,11,0,1,17,1,3,4,8,4,22,23,15,2,81,159,0.68,-0.16749108729376366,-1,-1,-1,-1,-1,-1,-1,-1
DE AYSEN DEL GENERAL CARLOS IBANEZ DEL CAMPO,COYHAIQUE,LICEO JOSEFINA AGUIRRE MONTENEGRO,8V,2,9,19,28,8,9,4,0,22,4,1,5,6,13,23,30,17,6,101,159,0.27,-0.5686362358410126,-1,-1,-1,-1,-1,-1,-1,-1
DE AYSEN DEL GENERAL CARLOS IBANEZ DEL CAMPO,COYHAIQUE,LICEO JOSEFINA AGUIRRE MONTENEGRO,9V,1,9,21,35,5,5,1,2,33,3,0,10,5,13,33,27,20,4,112,159,0.31,-0.5086383061657274,-1,-1,-1,-1,-1,-1,-1,-1
DE AYSEN DEL GENERAL CARLOS IBANEZ DEL CAMPO,COYHAIQUE,LICEO REPUBLICA ARGENTINA,16V,0,18,36,34,9,8,3,1,28,4,0,8,10,49,27,27,15,1,137,159,0.02,-1.6989700043360187,-1,-1,-1,-1,-1,-1,-1,-1
DE AYSEN DEL GENERAL CARLOS IBANEZ DEL CAMPO,COYHAIQUE,LICEO REPUBLICA ARGENTINA,17V,1,13,29,31,8,13,2,1,27,3,0,10,9,40,13,33,14,6,125,159,0.32,-0.494850021680094,-1,-1,-1,-1,-1,-1,-1,-1
DE AYSEN DEL GENERAL CARLOS IBANEZ DEL CAMPO,COYHAIQUE,LICEO REPUBLICA ARGENTINA,18V,3,14,38,49,6,15,1,1,34,2,4,6,14,57,25,40,12,3,161,159,0.92,-0.036212172654444715,-1,-1,-1,-1,-1,-1,-1,-1
DE AYSEN DEL GENERAL CARLOS IBANEZ DEL CAMPO,COYHAIQUE,LICEO REPUBLICA ARGENTINA,20V,1,17,38,36,6,12,1,2,46,3,2,8,9,48,43,31,16,2,159,159,0.08,-1.0969100130080565,-1,-1,-1,-1,-1,-1,-1,-1
DE AYSEN DEL GENERAL CARLOS IBANEZ DEL CAMPO,COYHAIQUE,LICEO REPUBLICA ARGENTINA,21V,0,15,31,38,6,22,0,0,29,0,1,6,13,46,32,24,16,2,141,159,0.35,-0.4559319556497244,-1,-1,-1,-1,-1,-1,-1,-1
DE AYSEN DEL GENERAL CARLOS IBANEZ DEL CAMPO,COYHAIQUE,LICEO REPUBLICA ARGENTINA,22V,3,8,20,31,6,4,1,1,30,2,3,8,7,12,38,21,14,1,104,159,0.11,-0.958607314841775,-1,-1,-1,-1,-1,-1,-1,-1
DE AYSEN DEL GENERAL CARLOS IBANEZ DEL CAMPO,COYHAIQUE,LICEO REPUBLICA ARGENTINA,23V,3,15,33,47,3,7,1,1,28,2,2,9,44,14,32,18,14,5,138,159,0.23,-0.638272163982407,-1,-1,-1,-1,-1,-1,-1,-1
DE AYSEN DEL GENERAL CARLOS IBANEZ DEL CAMPO,COYHAIQUE,LICEO REPUBLICA ARGENTINA,24V,1,16,32,29,6,15,1,1,25,2,5,11,53,20,19,11,5,1,126,159,0.82,-0.08618614761628333,-1,-1,-1,-1,-1,-1,-1,-1
DE AYSEN DEL GENERAL CARLOS IBANEZ DEL CAMPO,COYHAIQUE,LICEO REPUBLICA ARGENTINA,25V,1,20,37,39,6,12,2,0,30,2,3,11,53,10,31,22,16,1,147,159,0.91,-0.040958607678906384,-1,-1,-1,-1,-1,-1,-1,-1
DE AYSEN DEL GENERAL CARLOS IBANEZ DEL CAMPO,COYHAIQUE,LICEO REPUBLICA ARGENTINA,26V,2,20,27,34,5,18,0,2,27,2,3,3,53,4,28,19,21,4,135,159,0.69,-0.16115090926274472,-1,-1,-1,-1,-1,-1,-1,-1
DE AYSEN DEL GENERAL CARLOS IBANEZ DEL CAMPO,COYHAIQUE,LICEO REPUBLICA ARGENTINA,27V,0,18,28,40,9,18,0,1,26,1,2,3,67,10,20,22,14,2,140,159,0.69,-0.16115090926274472,-1,-1,-1,-1,-1,-1,-1,-1
DE AYSEN DEL GENERAL CARLOS IBANEZ DEL CAMPO,COYHAIQUE,LICEO REPUBLICA ARGENTINA,28V,1,10,35,40,13,16,2,4,23,6,5,9,68,6,14,27,11,4,144,159,0.03,-1.5228787452803376,-1,-1,-1,-1,-1,-1,-1,-1
DE AYSEN DEL GENERAL CARLOS IBANEZ DEL CAMPO,COYHAIQUE,LICEO REPUBLICA ARGENTINA,29V,3,26,38,41,9,11,1,2,27,3,5,15,87,8,22,15,6,0,158,159,0.62,-0.20760831050174613,-1,-1,-1,-1,-1,-1,-1,-1
DE AYSEN DEL GENERAL CARLOS IBANEZ DEL CAMPO,COYHAIQUE,LICEO REPUBLICA ARGENTINA,30V,4,22,31,58,3,16,0,2,19,2,2,16,69,7,15,27,17,3,155,159,0.19,-0.721246399047171,-1,-1,-1,-1,-1,-1,-1,-1
DE AYSEN DEL GENERAL CARLOS IBANEZ DEL CAMPO,COYHAIQUE,LICEO REPUBLICA ARGENTINA,31V,0,19,36,32,6,18,3,1,26,4,6,10,54,5,22,27,16,1,141,159,0.36,-0.44369749923271273,-1,-1,-1,-1,-1,-1,-1,-1
DE AYSEN DEL GENERAL CARLOS IBANEZ DEL CAMPO,COYHAIQUE,LICEO REPUBLICA ARGENTINA,32V,11,19,32,32,10,2,1,1,24,2,2,8,50,4,30,21,12,5,132,159,1.28e-06,-5.892790030352131,-1,-1,-1,-1,-1,-1,-1,-1
DE AYSEN DEL GENERAL CARLOS IBANEZ DEL CAMPO,COYHAIQUE,LICEO REPUBLICA ARGENTINA,33V,3,25,42,39,10,11,1,0,28,1,7,9,66,12,25,23,14,3,159,159,0.42,-0.37675070960209955,-1,-1,-1,-1,-1,-1,-1,-1
DE AYSEN DEL GENERAL CARLOS IBANEZ DEL CAMPO,COYHAIQUE,LICEO REPUBLICA ARGENTINA,34V,1,23,28,22,9,14,1,1,20,2,3,11,67,7,11,8,10,2,119,159,0.13,-0.8860566476931632,-1,-1,-1,-1,-1,-1,-1,-1
DE AYSEN DEL GENERAL CARLOS IBANEZ DEL CAMPO,COYHAIQUE,LICEO SAN FELIPE BENICIO DE COYHAIQUE,35V,0,17,43,55,4,13,1,1,26,2,7,16,63,15,32,15,13,0,160,159,0.31,-0.5086383061657274,-1,-1,-1,-1,-1,-1,-1,-1
DE AYSEN DEL GENERAL CARLOS IBANEZ DEL CAMPO,COYHAIQUE,LICEO SAN FELIPE BENICIO DE COYHAIQUE,36V,1,27,31,39,13,17,0,1,35,1,6,7,73,14,31,21,10,2,164,159,0.14,-0.8538719643217619,-1,-1,-1,-1,-1,-1,-1,-1
DE AYSEN DEL GENERAL CARLOS IBANEZ DEL CAMPO,COYHAIQUE,LICEO SAN FELIPE BENICIO DE COYHAIQUE,37V,2,15,37,59,11,16,0,1,25,1,7,15,61,7,31,29,12,4,166,159,0.55,-0.2596373105057561,-1,-1,-1,-1,-1,-1,-1,-1
DE AYSEN DEL GENERAL CARLOS IBANEZ DEL CAMPO,COYHAIQUE,LICEO SAN FELIPE BENICIO DE COYHAIQUE,38V,1,23,36,42,6,11,1,1,29,2,2,8,70,11,21,20,17,2,150,159,0.72,-0.14266750356873156,-1,-1,-1,-1,-1,-1,-1,-1
DE AYSEN DEL GENERAL CARLOS IBANEZ DEL CAMPO,COYHAIQUE,LICEO SAN FELIPE BENICIO DE COYHAIQUE,39V,3,16,28,40,9,20,1,1,26,2,4,24,44,2,29,28,11,2,144,159,0.53,-0.27572413039921095,-1,-1,-1,-1,-1,-1,-1,-1
DE AYSEN DEL GENERAL CARLOS IBANEZ DEL CAMPO,COYHAIQUE,LICEO SAN FELIPE BENICIO DE COYHAIQUE,40V,2,24,53,42,6,16,1,1,21,2,5,74,19,14,23,22,8,0,166,159,0.97,-0.01322826573375516,-1,-1,-1,-1,-1,-1,-1,-1
DE AYSEN DEL GENERAL CARLOS IBANEZ DEL CAMPO,COYHAIQUE,LICEO SAN FELIPE BENICIO DE COYHAIQUE,41V,2,20,41,39,9,24,0,2,28,2,6,46,15,13,49,26,8,3,165,159,0.3,-0.5228787452803376,-1,-1,-1,-1,-1,-1,-1,-1
DE AYSEN DEL GENERAL CARLOS IBANEZ DEL CAMPO,COYHAIQUE,LICEO SAN FELIPE BENICIO DE COYHAIQUE,42V,2,27,41,29,6,12,0,0,17,0,5,49,25,15,24,10,4,2,134,159,0.68,-0.16749108729376366,-1,-1,-1,-1,-1,-1,-1,-1
DE AYSEN DEL GENERAL CARLOS IBANEZ DEL CAMPO,COYHAIQUE,LICEO SAN FELIPE BENICIO DE COYHAIQUE,43V,1,27,36,31,1,15,0,2,15,2,6,79,12,9,12,7,2,1,128,159,0.23,-0.638272163982407,-1,-1,-1,-1,-1,-1,-1,-1
DE AYSEN DEL GENERAL CARLOS IBANEZ DEL CAMPO,COYHAIQUE,LICEO SAN FELIPE BENICIO DE COYHAIQUE,44V,0,27,42,45,8,16,0,0,23,0,5,58,10,25,37,15,10,1,161,159,0.53,-0.27572413039921095,-1,-1,-1,-1,-1,-1,-1,-1
DE AYSEN DEL GENERAL CARLOS IBANEZ DEL CAMPO,COYHAIQUE,LICEO SAN FELIPE BENICIO DE COYHAIQUE,45V,2,19,48,48,7,9,2,1,24,3,3,41,9,59,28,15,4,1,160,159,0.71,-0.14874165128092473,-1,-1,-1,-1,-1,-1,-1,-1
DE AYSEN DEL GENERAL CARLOS IBANEZ DEL CAMPO,COYHAIQUE,LICEO SAN FELIPE BENICIO DE COYHAIQUE,46V,2,21,42,34,5,5,1,2,21,3,3,78,13,21,12,5,1,0,133,159,0.15,-0.8239087409443188,-1,-1,-1,-1,-1,-1,-1,-1
DE AYSEN DEL GENERAL CARLOS IBANEZ DEL CAMPO,COYHAIQUE,LICEO SAN FELIPE BENICIO DE COYHAIQUE,47V,0,21,38,30,7,7,0,3,16,3,5,44,24,22,18,4,2,2,122,159,0.69,-0.16115090926274472,-1,-1,-1,-1,-1,-1,-1,-1
DE AYSEN DEL GENERAL CARLOS IBANEZ DEL CAMPO,COYHAIQUE,LICEO SAN FELIPE BENICIO DE COYHAIQUE,48V,2,13,28,28,1,10,1,0,18,1,1,8,36,31,15,9,1,0,101,159,0.74,-0.13076828026902382,-1,-1,-1,-1,-1,-1,-1,-1
DE AYSEN DEL GENERAL CARLOS IBANEZ DEL CAMPO,COYHAIQUE,LICEO SAN FELIPE BENICIO DE COYHAIQUE,49V,2,33,33,36,7,9,2,0,23,2,9,23,50,38,19,4,2,0,145,159,0.04,-1.3979400086720375,-1,-1,-1,-1,-1,-1,-1,-1
DE AYSEN DEL GENERAL CARLOS IBANEZ DEL CAMPO,COYHAIQUE,LICEO SAN FELIPE BENICIO DE COYHAIQUE,50V,3,15,32,35,5,13,1,0,25,1,4,7,48,28,18,18,4,2,129,159,0.95,-0.022276394711152253,-1,-1,-1,-1,-1,-1,-1,-1
DE AYSEN DEL GENERAL CARLOS IBANEZ DEL CAMPO,COYHAIQUE,LICEO SAN FELIPE BENICIO DE COYHAIQUE,51V,2,12,36,29,5,6,2,1,16,3,8,6,22,25,26,17,4,1,109,159,0.34,-0.46852108295774486,-1,-1,-1,-1,-1,-1,-1,-1
DE AYSEN DEL GENERAL CARLOS IBANEZ DEL CAMPO,COYHAIQUE,LICEO SAN FELIPE BENICIO DE COYHAIQUE,52V,2,11,52,44,9,16,0,3,30,3,4,21,13,61,35,24,9,0,167,159,0.39,-0.4089353929735008,-1,-1,-1,-1,-1,-1,-1,-1
DE AYSEN DEL GENERAL CARLOS IBANEZ DEL CAMPO,COYHAIQUE,LICEO SAN FELIPE BENICIO DE COYHAIQUE,53V,1,16,35,37,5,19,3,0,23,3,7,10,38,60,16,5,2,0,139,159,0.59,-0.22914798835785583,-1,-1,-1,-1,-1,-1,-1,-1
DE AYSEN DEL GENERAL CARLOS IBANEZ DEL CAMPO,COYHAIQUE,LICEO TECNICO PROFESIONAL JUAN PABLO II,54V,1,18,49,51,6,24,0,0,24,0,5,22,52,63,19,8,4,0,173,159,0.7,-0.1549019599857432,-1,-1,-1,-1,-1,-1,-1,-1
DE AYSEN DEL GENERAL CARLOS IBANEZ DEL CAMPO,COYHAIQUE,LICEO TECNICO PROFESIONAL JUAN PABLO II,55V,0,8,49,30,2,8,0,0,17,0,2,35,24,33,11,6,1,2,114,159,0.02,-1.6989700043360187,-1,-1,-1,-1,-1,-1,-1,-1
DE AYSEN DEL GENERAL CARLOS IBANEZ DEL CAMPO,COYHAIQUE,LICEO TECNICO PROFESIONAL JUAN PABLO II,56V,3,11,37,40,6,14,0,2,16,2,10,27,19,40,18,14,0,1,129,159,0.46,-0.3372421683184259,-1,-1,-1,-1,-1,-1,-1,-1
DE AYSEN DEL GENERAL CARLOS IBANEZ DEL CAMPO,COYHAIQUE,LICEO TECNICO PROFESIONAL JUAN PABLO II,57V,1,18,42,38,6,10,0,1,13,1,5,25,20,51,13,11,5,0,129,159,0.86,-0.06550154875643228,-1,-1,-1,-1,-1,-1,-1,-1
DE AYSEN DEL GENERAL CARLOS IBANEZ DEL CAMPO,COYHAIQUE,LICEO TECNICO PROFESIONAL JUAN PABLO II,58V,2,18,34,45,4,10,2,6,8,8,6,38,23,36,12,11,3,0,129,159,0.0013,-2.886056647693163,-1,-1,-1,-1,-1,-1,-1,-1
DE AYSEN DEL GENERAL CARLOS IBANEZ DEL CAMPO,COYHAIQUE,LICEO TECNICO PROFESIONAL JUAN PABLO II,59V,0,15,30,36,4,12,0,1,9,1,5,29,20,31,14,9,0,0,107,159,0.78,-0.10790539730951958,-1,-1,-1,-1,-1,-1,-1,-1
DE AYSEN DEL GENERAL CARLOS IBANEZ DEL CAMPO,COYHAIQUE,LICEO TECNICO PROFESIONAL JUAN PABLO II,60V,1,9,37,36,3,10,0,1,8,1,8,31,22,30,6,6,3,0,105,159,0.35,-0.4559319556497244,-1,-1,-1,-1,-1,-1,-1,-1
DE AYSEN DEL GENERAL CARLOS IBANEZ DEL CAMPO,COYHAIQUE,LICEO TECNICO PROFESIONAL JUAN PABLO II,61V,2,15,40,28,6,4,1,1,14,2,9,37,28,20,12,4,1,0,111,159,0.26,-0.585026652029182,-1,-1,-1,-1,-1,-1,-1,-1
DE AYSEN DEL GENERAL CARLOS IBANEZ DEL CAMPO,COYHAIQUE,LICEO TECNICO PROFESIONAL JUAN PABLO II,62V,2,17,49,45,5,17,0,2,16,2,3,31,19,51,30,15,3,1,153,159,0.65,-0.18708664335714442,-1,-1,-1,-1,-1,-1,-1,-1
DE AYSEN DEL GENERAL CARLOS IBANEZ DEL CAMPO,COYHAIQUE,LICEO TECNICO PROFESIONAL JUAN PABLO II,63V,0,11,40,47,5,16,1,1,17,2,4,29,26,40,18,15,5,1,138,159,0.42,-0.37675070960209955,-1,-1,-1,-1,-1,-1,-1,-1
DE AYSEN DEL GENERAL CARLOS IBANEZ DEL CAMPO,COYHAIQUE,LICEO TECNICO PROFESIONAL JUAN PABLO II,64V,5,25,28,24,5,11,0,0,7,0,4,32,20,33,9,3,2,2,105,159,0.007,-2.154901959985743,-1,-1,-1,-1,-1,-1,-1,-1
DE AYSEN DEL GENERAL CARLOS IBANEZ DEL CAMPO,COYHAIQUE,LICEO TECNICO PROFESIONAL JUAN PABLO II,65V,1,16,29,22,4,12,0,0,12,0,3,32,18,25,10,7,1,1,96,159,0.88,-0.05551732784983137,-1,-1,-1,-1,-1,-1,-1,-1
DE AYSEN DEL GENERAL CARLOS IBANEZ DEL CAMPO,COYHAIQUE,LICEO TECNICO PROFESIONAL JUAN PABLO II,66V,4,17,40,37,7,12,0,1,22,1,11,32,51,27,9,7,3,0,140,159,0.54,-0.26760624017703144,-1,-1,-1,-1,-1,-1,-1,-1
DE AYSEN DEL GENERAL CARLOS IBANEZ DEL CAMPO,COYHAIQUE,LICEO TECNICO PROFESIONAL JUAN PABLO II,67V,0,23,35,38,5,11,1,3,12,4,7,37,26,33,14,9,1,1,128,159,0.45,-0.3467874862246563,-1,-1,-1,-1,-1,-1,-1,-1
DE AYSEN DEL GENERAL CARLOS IBANEZ DEL CAMPO,COYHAIQUE,LICEO TECNICO PROFESIONAL JUAN PABLO II,68V,2,17,48,47,11,17,1,2,27,3,5,37,17,57,30,18,8,0,172,159,0.86,-0.06550154875643228,-1,-1,-1,-1,-1,-1,-1,-1
DE AYSEN DEL GENERAL CARLOS IBANEZ DEL CAMPO,COYHAIQUE,LICEO TECNICO PROFESIONAL JUAN PABLO II,69V,2,12,42,38,7,14,0,1,32,1,3,26,13,52,33,13,5,3,148,159,0.59,-0.22914798835785583,-1,-1,-1,-1,-1,-1,-1,-1
DE AYSEN DEL GENERAL CARLOS IBANEZ DEL CAMPO,COYHAIQUE,LICEO TECNICO PROFESIONAL JUAN PABLO II,70V,0,14,29,37,7,9,1,4,12,5,9,43,18,22,11,8,2,0,113,159,0.12,-0.9208187539523752,-1,-1,-1,-1,-1,-1,-1,-1
DE AYSEN DEL GENERAL CARLOS IBANEZ DEL CAMPO,COYHAIQUE,LICEO TECNICO PROFESIONAL JUAN PABLO II,71V,1,10,40,32,2,5,0,0,11,0,2,34,24,23,8,8,2,0,101,159,0.14,-0.8538719643217619,-1,-1,-1,-1,-1,-1,-1,-1
DE AYSEN DEL GENERAL CARLOS IBANEZ DEL CAMPO,GUAITECAS,LICEO DE MELINKA,1M,0,11,20,25,2,9,1,0,19,1,1,7,7,12,29,17,13,1,87,6,0.85,-0.07058107428570728,-1,-1,-1,-1,-1,-1,-1,-1
DE AYSEN DEL GENERAL CARLOS IBANEZ DEL CAMPO,GUAITECAS,LICEO DE MELINKA,1V,1,8,21,22,3,6,2,0,8,2,0,10,12,7,18,13,5,6,71,6,0.71,-0.14874165128092473,-1,-1,-1,-1,-1,-1,-1,-1
DE AYSEN DEL GENERAL CARLOS IBANEZ DEL CAMPO,GUAITECAS,LICEO DE MELINKA,2M,1,20,28,30,5,10,0,1,18,1,3,12,34,40,13,10,2,0,113,6,0.97,-0.01322826573375516,-1,-1,-1,-1,-1,-1,-1,-1
DE AYSEN DEL GENERAL CARLOS IBANEZ DEL CAMPO,GUAITECAS,LICEO DE MELINKA,2V,1,6,18,27,2,6,1,1,17,2,4,10,8,27,16,12,1,1,79,6,0.5,-0.3010299956639812,-1,-1,-1,-1,-1,-1,-1,-1
DE AYSEN DEL GENERAL CARLOS IBANEZ DEL CAMPO,GUAITECAS,LICEO DE MELINKA,3M,0,7,25,27,4,3,1,0,8,1,4,27,26,12,4,2,0,0,75,6,0.37,-0.431798275933005,-1,-1,-1,-1,-1,-1,-1,-1
DE AYSEN DEL GENERAL CARLOS IBANEZ DEL CAMPO,GUAITECAS,LICEO DE MELINKA,3V,1,16,17,19,2,9,0,0,10,0,2,11,24,23,6,8,0,0,74,6,0.36,-0.44369749923271273,-1,-1,-1,-1,-1,-1,-1,-1
DE AYSEN DEL GENERAL CARLOS IBANEZ DEL CAMPO,LA JUNTA,ESCUELA EUSEBIO IBAR SCHEPELER,1M,1,11,31,78,6,23,2,1,29,3,0,20,30,16,49,41,18,8,182,5,0.64,-0.1938200260161128,-1,-1,-1,-1,-1,-1,-1,-1
DE AYSEN DEL GENERAL CARLOS IBANEZ DEL CAMPO,LA JUNTA,ESCUELA EUSEBIO IBAR SCHEPELER,1V,1,5,12,63,2,20,1,1,15,2,6,12,21,13,26,27,11,4,120,5,0.66,-0.1804560644581313,-1,-1,-1,-1,-1,-1,-1,-1
DE AYSEN DEL GENERAL CARLOS IBANEZ DEL CAMPO,LA JUNTA,ESCUELA EUSEBIO IBAR SCHEPELER,2M,0,2,15,61,5,17,1,0,16,1,2,16,22,39,13,18,6,1,117,5,0.72,-0.14266750356873156,-1,-1,-1,-1,-1,-1,-1,-1
DE AYSEN DEL GENERAL CARLOS IBANEZ DEL CAMPO,LA JUNTA,ESCUELA EUSEBIO IBAR SCHEPELER,2V,0,7,21,64,5,17,3,1,12,4,3,18,18,33,26,17,11,4,130,5,0.71,-0.14874165128092473,-1,-1,-1,-1,-1,-1,-1,-1
DE AYSEN DEL GENERAL CARLOS IBANEZ DEL CAMPO,LA JUNTA,ESCUELA EUSEBIO IBAR SCHEPELER,3V,1,8,14,43,1,21,1,0,14,1,4,23,32,18,10,13,3,0,103,5,0.42,-0.37675070960209955,-1,-1,-1,-1,-1,-1,-1,-1
DE AYSEN DEL GENERAL CARLOS IBANEZ DEL CAMPO,LA TAPERA,ESCUELA RURAL CON INTERNADO LA TAPERA,1M-2V,2,11,18,42,4,13,0,2,17,2,0,12,26,19,21,17,8,6,109,2,0.92,-0.036212172654444715,-1,-1,-1,-1,-1,-1,-1,-1
DE AYSEN DEL GENERAL CARLOS IBANEZ DEL CAMPO,LA TAPERA,ESCUELA RURAL CON INTERNADO LA TAPERA,1V,1,5,13,33,1,7,0,1,13,1,0,9,11,11,19,11,7,6,74,2,1.0,0.0,-1,-1,-1,-1,-1,-1,-1,-1
DE AYSEN DEL GENERAL CARLOS IBANEZ DEL CAMPO,LAGO VERDE,ESCUELA CON INTERNADO JOSE MIGUEL CARRERA,1M-2V,4,0,16,73,3,10,2,2,11,4,0,19,28,25,21,13,13,2,121,2,1.0,0.0,-1,-1,-1,-1,-1,-1,-1,-1
DE AYSEN DEL GENERAL CARLOS IBANEZ DEL CAMPO,LAGO VERDE,ESCUELA CON INTERNADO JOSE MIGUEL CARRERA,1V,2,0,7,45,1,6,3,2,10,5,1,4,10,11,20,13,13,3,76,2,1.0,0.0,-1,-1,-1,-1,-1,-1,-1,-1
DE AYSEN DEL GENERAL CARLOS IBANEZ DEL CAMPO,MANIHUALES,LICEO MANIHUALES,1M,2,16,23,35,7,13,1,4,29,5,2,6,6,16,37,34,25,4,130,6,0.71,-0.14874165128092473,-1,-1,-1,-1,-1,-1,-1,-1
DE AYSEN DEL GENERAL CARLOS IBANEZ DEL CAMPO,MANIHUALES,LICEO MANIHUALES,1V,2,23,15,31,8,13,4,1,25,5,2,13,10,8,28,34,20,7,122,6,0.77,-0.11350927482751812,-1,-1,-1,-1,-1,-1,-1,-1
DE AYSEN DEL GENERAL CARLOS IBANEZ DEL CAMPO,MANIHUALES,LICEO MANIHUALES,2M,1,30,20,28,7,12,2,2,17,4,2,5,33,29,25,15,9,1,119,6,0.55,-0.2596373105057561,-1,-1,-1,-1,-1,-1,-1,-1
DE AYSEN DEL GENERAL CARLOS IBANEZ DEL CAMPO,MANIHUALES,LICEO MANIHUALES,2V,1,19,16,32,4,11,1,4,24,5,1,12,12,22,25,23,13,4,112,6,0.95,-0.022276394711152253,-1,-1,-1,-1,-1,-1,-1,-1
DE AYSEN DEL GENERAL CARLOS IBANEZ DEL CAMPO,MANIHUALES,LICEO MANIHUALES,3M,2,19,16,25,5,5,0,2,15,2,4,27,26,13,7,10,3,0,89,6,0.84,-0.07572071393811836,-1,-1,-1,-1,-1,-1,-1,-1
DE AYSEN DEL GENERAL CARLOS IBANEZ DEL CAMPO,MANIHUALES,LICEO MANIHUALES,3V,0,17,19,22,3,3,0,0,24,0,2,8,14,20,13,17,12,2,88,6,0.15,-0.8239087409443188,-1,-1,-1,-1,-1,-1,-1,-1
DE AYSEN DEL GENERAL CARLOS IBANEZ DEL CAMPO,NIREHUAO,ESCUELA RURAL VALLE DE LA LUNA,1M-1V,2,9,11,47,8,19,1,2,20,3,3,6,8,30,30,27,11,4,119,1,1.0,0.0,-1,-1,-1,-1,-1,-1,-1,-1
DE AYSEN DEL GENERAL CARLOS IBANEZ DEL CAMPO,O'HIGGINS,ESCUELA PIONEROS DEL SUR,1M-1V,2,4,25,61,2,8,5,3,24,8,0,15,30,25,36,17,9,2,134,3,0.28,-0.5528419686577808,-1,-1,-1,-1,-1,-1,-1,-1
DE AYSEN DEL GENERAL CARLOS IBANEZ DEL CAMPO,O'HIGGINS,ESCUELA PIONEROS DEL SUR,2V-3V,0,6,37,57,0,13,1,1,15,2,2,23,38,34,14,16,3,0,130,3,0.54,-0.26760624017703144,-1,-1,-1,-1,-1,-1,-1,-1
DE AYSEN DEL GENERAL CARLOS IBANEZ DEL CAMPO,O'HIGGINS,ESCUELA PIONEROS DEL SUR,4,1,6,13,24,3,5,0,1,8,1,1,15,26,9,5,4,1,0,61,3,0.26,-0.585026652029182,-1,-1,-1,-1,-1,-1,-1,-1
DE AYSEN DEL GENERAL CARLOS IBANEZ DEL CAMPO,PUERTO AGUIRRE,ESCUELA PEDRO AGUIRRE CERDA,1M-3V,2,9,17,15,7,8,3,2,9,5,3,5,7,10,20,21,5,1,72,3,0.68,-0.16749108729376366,-1,-1,-1,-1,-1,-1,-1,-1
DE AYSEN DEL GENERAL CARLOS IBANEZ DEL CAMPO,PUERTO AGUIRRE,ESCUELA PEDRO AGUIRRE CERDA,2M-1V,1,14,35,21,9,8,4,0,10,4,3,9,18,28,19,17,5,3,102,3,0.99,-0.004364805402450088,-1,-1,-1,-1,-1,-1,-1,-1
DE AYSEN DEL GENERAL CARLOS IBANEZ DEL CAMPO,PUERTO AGUIRRE,ESCUELA PEDRO AGUIRRE CERDA,2V,1,11,20,12,4,4,1,1,9,2,0,2,11,24,16,9,1,0,63,3,1.0,0.0,-1,-1,-1,-1,-1,-1,-1,-1
DE AYSEN DEL GENERAL CARLOS IBANEZ DEL CAMPO,PUERTO CHACABUCO,ESCUELA ALMIRANTE SIMPSON,1M,1,25,25,45,13,5,3,6,32,9,5,12,23,34,51,22,4,4,155,3,0.23,-0.638272163982407,-1,-1,-1,-1,-1,-1,-1,-1
DE AYSEN DEL GENERAL CARLOS IBANEZ DEL CAMPO,PUERTO CHACABUCO,ESCUELA ALMIRANTE SIMPSON,1V,2,31,32,46,8,11,3,4,25,7,3,11,36,39,27,28,17,1,162,3,0.91,-0.040958607678906384,-1,-1,-1,-1,-1,-1,-1,-1
DE AYSEN DEL GENERAL CARLOS IBANEZ DEL CAMPO,PUERTO CHACABUCO,ESCUELA ALMIRANTE SIMPSON,2V,1,40,21,32,11,13,0,2,12,2,2,28,57,20,11,5,9,0,132,3,0.03,-1.5228787452803376,-1,-1,-1,-1,-1,-1,-1,-1
DE AYSEN DEL GENERAL CARLOS IBANEZ DEL CAMPO,PUERTO GUADAL,ESCUELA LIBERTADOR BERNARDO O'HIGGINS RIQUELME,1M-2M,1,10,24,40,4,20,3,1,27,4,1,13,15,18,39,20,21,3,130,3,0.92,-0.036212172654444715,-1,-1,-1,-1,-1,-1,-1,-1
DE AYSEN DEL GENERAL CARLOS IBANEZ DEL CAMPO,PUERTO GUADAL,ESCUELA LIBERTADOR BERNARDO O'HIGGINS RIQUELME,1V-3V,1,8,31,34,3,13,0,1,19,1,2,16,20,8,22,26,11,6,110,3,0.9,-0.045757490560675115,-1,-1,-1,-1,-1,-1,-1,-1
DE AYSEN DEL GENERAL CARLOS IBANEZ DEL CAMPO,PUERTO GUADAL,ESCUELA LIBERTADOR BERNARDO O'HIGGINS RIQUELME,2V,2,2,20,23,4,9,0,3,22,3,0,7,18,16,18,19,4,3,85,3,0.43,-0.36653154442041347,-1,-1,-1,-1,-1,-1,-1,-1
DE AYSEN DEL GENERAL CARLOS IBANEZ DEL CAMPO,PUYUHUAPI,ESCUELA HAMBURGO,1M-2M,2,22,26,47,9,17,2,0,26,2,3,26,32,28,23,23,9,7,151,2,0.89,-0.05060999335508721,-1,-1,-1,-1,-1,-1,-1,-1
DE AYSEN DEL GENERAL CARLOS IBANEZ DEL CAMPO,PUYUHUAPI,ESCUELA HAMBURGO,1V-2V,4,15,20,39,8,14,3,1,39,4,5,17,26,33,23,25,9,5,143,2,0.79,-0.10237290870955855,-1,-1,-1,-1,-1,-1,-1,-1
DE AYSEN DEL GENERAL CARLOS IBANEZ DEL CAMPO,RIO IBANEZ,ESCUELA AONIKENK,1M-4M,2,13,24,32,4,12,1,5,19,6,3,14,20,8,19,22,21,5,112,5,0.59,-0.22914798835785583,-1,-1,-1,-1,-1,-1,-1,-1
DE AYSEN DEL GENERAL CARLOS IBANEZ DEL CAMPO,RIO IBANEZ,ESCUELA AONIKENK,1V-2V,0,8,21,39,4,11,5,2,23,7,0,13,15,3,22,34,17,9,113,5,0.98,-0.00877392430750515,-1,-1,-1,-1,-1,-1,-1,-1
DE AYSEN DEL GENERAL CARLOS IBANEZ DEL CAMPO,RIO IBANEZ,ESCUELA AONIKENK,2M-3M,2,13,27,64,4,15,5,1,42,6,1,13,31,48,34,26,17,3,173,5,0.39,-0.4089353929735008,-1,-1,-1,-1,-1,-1,-1,-1
DE AYSEN DEL GENERAL CARLOS IBANEZ DEL CAMPO,RIO IBANEZ,ESCUELA AONIKENK,3V-4V,0,19,36,57,5,14,2,7,35,9,6,21,42,41,28,24,11,2,175,5,1.0,0.0,-1,-1,-1,-1,-1,-1,-1,-1
DE AYSEN DEL GENERAL CARLOS IBANEZ DEL CAMPO,RIO IBANEZ,ESCUELA AONIKENK,5-6,0,6,12,12,4,7,2,0,3,2,6,13,12,6,4,4,1,0,46,5,0.07,-1.154901959985743,-1,-1,-1,-1,-1,-1,-1,-1
DE AYSEN DEL GENERAL CARLOS IBANEZ DEL CAMPO,RIO TRANQUILO,ESCUELA GABRIELA MISTRAL,1M-2M-1V-4,1,11,42,39,15,17,3,1,26,4,1,25,37,15,22,34,16,5,155,2,0.98,-0.00877392430750515,-1,-1,-1,-1,-1,-1,-1,-1
DE AYSEN DEL GENERAL CARLOS IBANEZ DEL CAMPO,RIO TRANQUILO,ESCUELA GABRIELA MISTRAL,2V-3V,1,7,35,24,6,7,1,1,13,2,1,19,31,16,16,6,3,3,95,2,0.92,-0.036212172654444715,-1,-1,-1,-1,-1,-1,-1,-1
DE AYSEN DEL GENERAL CARLOS IBANEZ DEL CAMPO,TORTEL,ESCUELA MUNICIPAL COMANDANTE LUIS BRAVO,1M-1V,5,7,42,22,10,13,2,6,23,8,0,15,36,22,28,21,8,0,130,2,0.98,-0.00877392430750515,-1,-1,-1,-1,-1,-1,-1,-1
DE AYSEN DEL GENERAL CARLOS IBANEZ DEL CAMPO,TORTEL,ESCUELA MUNICIPAL COMANDANTE LUIS BRAVO,2V-3V-4,3,7,25,17,5,7,5,4,12,9,3,20,25,20,10,6,1,0,85,2,0.97,-0.01322826573375516,-1,-1,-1,-1,-1,-1,-1,-1
DE AYSEN DEL GENERAL CARLOS IBANEZ DEL CAMPO,VALLE SIMPSON,ESCUELA RURAL VALLE SIMPSON,1M,0,9,27,58,6,19,2,3,35,5,5,11,38,29,29,29,13,5,159,2,0.89,-0.05060999335508721,-1,-1,-1,-1,-1,-1,-1,-1
DE AYSEN DEL GENERAL CARLOS IBANEZ DEL CAMPO,VALLE SIMPSON,ESCUELA RURAL VALLE SIMPSON,1V,3,8,34,51,3,15,2,1,29,3,3,14,22,33,27,25,13,9,146,2,0.84,-0.07572071393811836,-1,-1,-1,-1,-1,-1,-1,-1
DE AYSEN DEL GENERAL CARLOS IBANEZ DEL CAMPO,VILLA AMENGUAL,ESCUELA MUNICIPAL VILLA AMENGUAL,1,2,15,21,23,7,10,0,4,14,4,1,18,13,14,25,16,7,1,96,1,1.0,0.0,-1,-1,-1,-1,-1,-1,-1,-1
DE AYSEN DEL GENERAL CARLOS IBANEZ DEL CAMPO,VILLA CERRO CASTILLO,ESCUELA RURAL CERRO CASTILLO,1M,2,6,20,40,5,23,2,2,19,4,4,13,17,15,28,20,17,5,119,3,0.71,-0.14874165128092473,-1,-1,-1,-1,-1,-1,-1,-1
DE AYSEN DEL GENERAL CARLOS IBANEZ DEL CAMPO,VILLA CERRO CASTILLO,ESCUELA RURAL CERRO CASTILLO,1V,1,7,16,42,7,12,4,0,11,4,2,6,14,16,22,22,10,8,100,3,0.91,-0.040958607678906384,-1,-1,-1,-1,-1,-1,-1,-1
DE AYSEN DEL GENERAL CARLOS IBANEZ DEL CAMPO,VILLA CERRO CASTILLO,ESCUELA RURAL CERRO CASTILLO,2,0,10,15,32,4,15,1,2,7,3,3,26,27,13,7,8,2,0,86,3,0.83,-0.08092190762392612,-1,-1,-1,-1,-1,-1,-1,-1
DE AYSEN DEL GENERAL CARLOS IBANEZ DEL CAMPO,VILLA ORTEGA,ESCUELA RURAL PABLO NERUDA,1,1,6,13,33,8,10,0,1,40,1,1,17,9,19,6,30,16,14,112,2,1.0,0.0,-1,-1,-1,-1,-1,-1,-1,-1
DE AYSEN DEL GENERAL CARLOS IBANEZ DEL CAMPO,VILLA ORTEGA,ESCUELA RURAL PABLO NERUDA,2,2,4,10,22,11,3,1,3,21,4,1,2,15,16,30,10,1,2,77,2,1.0,0.0,-1,-1,-1,-1,-1,-1,-1,-1
